Employee ID,Employee Name,NRIC,DOB,DOJ,Department_ID,Modules Taught
NUS12345,,,1983-02-23T00:00:00Z,2009-10-31T00:00:00Z,IDEPT4938,
NUS12346,,,1985-09-02T00:00:00Z,2009-06-07T00:00:00Z,IDEPT2357,
NUS12347,,,1971-07-30T00:00:00Z,2008-05-09T00:00:00Z,IDEPT4670,
NUS12348,,,1973-07-20T00:00:00Z,2002-01-17T00:00:00Z,IDEPT2601,
NUS12349,,,1991-11-16T00:00:00Z,2000-02-13T00:00:00Z,IDEPT7626,
NUS12350,,,1979-05-18T00:00:00Z,2006-09-27T00:00:00Z,IDEPT3778,
NUS12351,,,1985-07-12T00:00:00Z,2013-05-04T00:00:00Z,IDEPT4132,
NUS12352,,,1978-01-14T00:00:00Z,2008-01-03T00:00:00Z,IDEPT1142,
NUS12353,,,1980-12-15T00:00:00Z,2002-01-15T00:00:00Z,IDEPT7626,
NUS12354,,,1973-04-03T00:00:00Z,2009-08-18T00:00:00Z,IDEPT1825,
NUS12355,,,1985-07-13T00:00:00Z,2001-10-17T00:00:00Z,IDEPT1615,
NUS12356,,,1979-02-12T00:00:00Z,2012-02-03T00:00:00Z,IDEPT2601,
NUS12357,,,1983-04-20T00:00:00Z,2006-01-01T00:00:00Z,IDEPT1537,
NUS12358,,,1988-04-05T00:00:00Z,1999-08-12T00:00:00Z,IDEPT5109,
NUS12359,,,1994-03-21T00:00:00Z,2011-02-16T00:00:00Z,IDEPT5881,
NUS12360,,,1988-05-22T00:00:00Z,2007-09-23T00:00:00Z,IDEPT8313,
NUS12361,,,1990-11-05T00:00:00Z,2008-08-15T00:00:00Z,IDEPT5127,
NUS12362,,,1990-07-07T00:00:00Z,2006-04-17T00:00:00Z,IDEPT3778,
NUS12363,,,1976-08-14T00:00:00Z,2002-08-12T00:00:00Z,IDEPT2357,
NUS12364,,,1991-04-28T00:00:00Z,2004-07-27T00:00:00Z,IDEPT6347,
NUS12365,,,1990-06-24T00:00:00Z,2006-06-09T00:00:00Z,IDEPT4938,
NUS12366,,,1974-09-09T00:00:00Z,2008-08-21T00:00:00Z,IDEPT1615,
NUS12367,,,1975-10-06T00:00:00Z,2009-11-16T00:00:00Z,IDEPT1615,
NUS12368,,,1992-03-22T00:00:00Z,2001-05-10T00:00:00Z,IDEPT5109,
NUS12369,,,1992-09-04T00:00:00Z,2006-07-09T00:00:00Z,IDEPT1367,
NUS12370,,,1977-07-10T00:00:00Z,2006-01-16T00:00:00Z,IDEPT5109,
NUS12371,,,1992-06-18T00:00:00Z,2010-06-21T00:00:00Z,IDEPT5881,
NUS12372,,,1970-10-25T00:00:00Z,2011-04-07T00:00:00Z,IDEPT3115,
NUS12373,,,1991-11-24T00:00:00Z,2007-04-11T00:00:00Z,IDEPT6347,
NUS12374,,,1990-04-20T00:00:00Z,1999-11-22T00:00:00Z,IDEPT1423,
NUS12375,,,1976-12-16T00:00:00Z,2008-02-05T00:00:00Z,IDEPT1378,
NUS12376,,,1994-07-10T00:00:00Z,2012-03-02T00:00:00Z,IDEPT7626,
NUS12377,,,1991-11-10T00:00:00Z,2005-07-31T00:00:00Z,IDEPT4938,
NUS12378,,,1983-02-13T00:00:00Z,2001-09-12T00:00:00Z,IDEPT1825,
NUS12379,,,1987-07-29T00:00:00Z,2006-07-24T00:00:00Z,IDEPT1825,
NUS12380,,,1971-07-26T00:00:00Z,2005-03-20T00:00:00Z,IDEPT3062,
NUS12381,,,1970-01-24T00:00:00Z,2006-04-12T00:00:00Z,IDEPT1533,
NUS12382,,,1974-05-17T00:00:00Z,2012-10-31T00:00:00Z,IDEPT5528,
NUS12383,,,1984-03-29T00:00:00Z,2014-06-22T00:00:00Z,IDEPT8313,
NUS12384,,,1974-03-20T00:00:00Z,2000-03-03T00:00:00Z,IDEPT6347,
NUS12385,,,1983-10-13T00:00:00Z,1999-07-30T00:00:00Z,IDEPT2601,
NUS12386,,,1978-12-25T00:00:00Z,2010-08-27T00:00:00Z,IDEPT3778,
NUS12387,,,1983-06-07T00:00:00Z,2005-09-16T00:00:00Z,IDEPT1615,
NUS12388,,,1985-01-15T00:00:00Z,2000-11-29T00:00:00Z,IDEPT1378,
NUS12389,,,1974-05-05T00:00:00Z,2006-12-01T00:00:00Z,IDEPT3778,
NUS12390,,,1971-05-04T00:00:00Z,2002-06-28T00:00:00Z,IDEPT5109,
NUS12391,,,1993-04-12T00:00:00Z,2011-11-06T00:00:00Z,IDEPT2601,
NUS12392,,,1988-11-13T00:00:00Z,2013-06-20T00:00:00Z,IDEPT1378,
NUS12393,,,1980-09-18T00:00:00Z,2010-04-03T00:00:00Z,IDEPT2601,
NUS12394,,,1986-09-24T00:00:00Z,2006-12-02T00:00:00Z,IDEPT5127,
NUS12395,,,1973-11-07T00:00:00Z,2011-05-14T00:00:00Z,IDEPT4055,
NUS12396,,,1975-03-28T00:00:00Z,2013-03-15T00:00:00Z,IDEPT1615,
NUS12397,,,1987-02-20T00:00:00Z,2005-09-11T00:00:00Z,IDEPT2601,
NUS12398,,,1976-02-23T00:00:00Z,2012-02-03T00:00:00Z,IDEPT1615,
NUS12399,,,1983-04-29T00:00:00Z,2014-06-01T00:00:00Z,IDEPT7783,
NUS12400,,,1976-10-05T00:00:00Z,2010-02-25T00:00:00Z,IDEPT5109,
NUS12401,,,1984-06-20T00:00:00Z,2007-02-23T00:00:00Z,IDEPT3868,
NUS12402,,,1987-10-28T00:00:00Z,2014-07-12T00:00:00Z,IDEPT5881,
NUS12403,,,1971-10-24T00:00:00Z,2004-11-18T00:00:00Z,IDEPT2357,
NUS12404,,,1984-05-15T00:00:00Z,2006-01-06T00:00:00Z,IDEPT6347,
NUS12405,,,1972-12-26T00:00:00Z,2007-02-08T00:00:00Z,IDEPT7626,
NUS12406,,,1988-08-19T00:00:00Z,2002-09-28T00:00:00Z,IDEPT1142,
NUS12407,,,1979-11-30T00:00:00Z,2008-03-13T00:00:00Z,IDEPT2425,
NUS12408,,,1976-06-15T00:00:00Z,2000-05-15T00:00:00Z,IDEPT1388,
NUS12409,,,1973-07-05T00:00:00Z,2007-02-19T00:00:00Z,IDEPT1423,
NUS12410,,,1994-04-20T00:00:00Z,2004-03-09T00:00:00Z,IDEPT3115,
NUS12411,,,1983-11-12T00:00:00Z,2006-02-07T00:00:00Z,IDEPT4132,
NUS12412,,,1986-08-20T00:00:00Z,2001-11-13T00:00:00Z,IDEPT4055,
NUS12413,,,1993-03-12T00:00:00Z,2009-06-16T00:00:00Z,IDEPT7783,
NUS12414,,,1975-01-23T00:00:00Z,2011-02-28T00:00:00Z,IDEPT1378,
NUS12415,,,1975-11-01T00:00:00Z,2006-11-15T00:00:00Z,IDEPT5881,
NUS12416,,,1971-09-08T00:00:00Z,2013-10-04T00:00:00Z,IDEPT5127,
NUS12417,,,1970-07-07T00:00:00Z,2005-10-05T00:00:00Z,IDEPT1615,
NUS12418,,,1990-09-16T00:00:00Z,2010-02-02T00:00:00Z,IDEPT1825,
NUS12419,,,1970-12-15T00:00:00Z,2007-09-26T00:00:00Z,IDEPT6347,
NUS12420,,,1985-10-13T00:00:00Z,2009-08-29T00:00:00Z,IDEPT5127,
NUS12421,,,1970-12-08T00:00:00Z,2004-12-12T00:00:00Z,IDEPT4670,
NUS12422,,,1982-02-13T00:00:00Z,2011-05-28T00:00:00Z,IDEPT4938,
NUS12423,,,1982-08-12T00:00:00Z,2013-01-29T00:00:00Z,IDEPT1677,
NUS12424,,,1980-02-14T00:00:00Z,2006-07-08T00:00:00Z,IDEPT1537,
NUS12425,,,1982-09-07T00:00:00Z,2003-09-21T00:00:00Z,IDEPT6347,
NUS12426,,,1981-01-11T00:00:00Z,2011-08-11T00:00:00Z,IDEPT8379,
NUS12427,,,1989-09-29T00:00:00Z,2009-04-24T00:00:00Z,IDEPT5408,
NUS12428,,,1985-09-08T00:00:00Z,2009-06-09T00:00:00Z,IDEPT8598,
NUS12429,,,1978-05-13T00:00:00Z,2001-01-31T00:00:00Z,IDEPT1423,
NUS12430,,,1991-06-20T00:00:00Z,2008-10-03T00:00:00Z,IDEPT1142,
NUS12431,,,1982-01-26T00:00:00Z,2011-04-27T00:00:00Z,IDEPT1537,
NUS12432,,,1991-06-10T00:00:00Z,2010-06-06T00:00:00Z,IDEPT4938,
NUS12433,,,1986-06-26T00:00:00Z,2012-04-25T00:00:00Z,IDEPT7783,
NUS12434,,,1975-04-11T00:00:00Z,2011-04-28T00:00:00Z,IDEPT4132,
NUS12435,,,1991-12-17T00:00:00Z,2008-05-15T00:00:00Z,IDEPT6347,
NUS12436,,,1981-08-15T00:00:00Z,2009-06-17T00:00:00Z,IDEPT1423,
NUS12437,,,1975-10-23T00:00:00Z,2008-05-17T00:00:00Z,IDEPT1537,
NUS12438,,,1969-08-20T00:00:00Z,2014-05-14T00:00:00Z,IDEPT5109,
NUS12439,,,1976-06-27T00:00:00Z,2001-06-14T00:00:00Z,IDEPT1367,
NUS12440,,,1976-12-13T00:00:00Z,2007-04-09T00:00:00Z,IDEPT7626,
NUS12441,,,1982-02-18T00:00:00Z,2008-07-22T00:00:00Z,IDEPT3868,
NUS12442,,,1986-02-02T00:00:00Z,2000-07-23T00:00:00Z,IDEPT7005,
NUS12443,,,1986-12-12T00:00:00Z,2003-12-04T00:00:00Z,IDEPT5528,
NUS12444,,,1985-01-17T00:00:00Z,1999-12-14T00:00:00Z,IDEPT8598,
NUS12445,,,1977-09-02T00:00:00Z,2014-05-13T00:00:00Z,IDEPT2425,
NUS12446,,,1972-11-30T00:00:00Z,2003-05-27T00:00:00Z,IDEPT1378,
NUS12447,,,1976-08-19T00:00:00Z,2008-08-14T00:00:00Z,IDEPT1537,
NUS12448,,,1985-10-16T00:00:00Z,2001-07-31T00:00:00Z,IDEPT4670,
NUS12449,,,1970-06-04T00:00:00Z,2004-01-20T00:00:00Z,IDEPT4132,
NUS12450,,,1985-11-09T00:00:00Z,2002-04-24T00:00:00Z,IDEPT1367,
NUS12451,,,1992-01-01T00:00:00Z,2012-03-03T00:00:00Z,IDEPT5408,
NUS12452,,,1985-10-06T00:00:00Z,2002-11-17T00:00:00Z,IDEPT4938,
NUS12453,,,1971-06-08T00:00:00Z,2004-08-16T00:00:00Z,IDEPT4938,
NUS12454,,,1982-11-19T00:00:00Z,2007-10-24T00:00:00Z,IDEPT1615,
NUS12455,,,1978-12-18T00:00:00Z,2006-09-04T00:00:00Z,IDEPT2601,
NUS12456,,,1990-10-14T00:00:00Z,2001-09-13T00:00:00Z,IDEPT8313,
NUS12457,,,1994-07-11T00:00:00Z,2005-12-24T00:00:00Z,IDEPT3115,
NUS12458,,,1983-02-13T00:00:00Z,2011-04-30T00:00:00Z,IDEPT8379,
NUS12459,,,1978-11-14T00:00:00Z,2013-12-17T00:00:00Z,IDEPT4670,
NUS12460,,,1979-07-18T00:00:00Z,2004-05-24T00:00:00Z,IDEPT1388,
NUS12461,,,1979-01-27T00:00:00Z,2007-06-18T00:00:00Z,IDEPT1825,
NUS12462,,,1989-10-16T00:00:00Z,2005-07-29T00:00:00Z,IDEPT2054,
NUS12463,,,1990-03-23T00:00:00Z,2012-11-07T00:00:00Z,IDEPT5109,
NUS12464,,,1983-11-05T00:00:00Z,2006-02-17T00:00:00Z,IDEPT2425,
NUS12465,,,1985-01-12T00:00:00Z,2007-06-20T00:00:00Z,IDEPT4670,
NUS12466,,,1991-07-02T00:00:00Z,2008-08-17T00:00:00Z,IDEPT7626,
NUS12467,,,1976-09-14T00:00:00Z,2011-03-18T00:00:00Z,IDEPT1423,
NUS12468,,,1975-06-30T00:00:00Z,1999-10-26T00:00:00Z,IDEPT8598,
NUS12469,,,1973-04-02T00:00:00Z,2002-05-17T00:00:00Z,IDEPT4132,
NUS12470,,,1970-07-22T00:00:00Z,2006-03-24T00:00:00Z,IDEPT8313,
NUS12471,,,1971-09-18T00:00:00Z,2000-02-19T00:00:00Z,IDEPT2054,
NUS12472,,,1978-05-28T00:00:00Z,2004-03-01T00:00:00Z,IDEPT5127,
NUS12473,,,1970-07-11T00:00:00Z,2008-11-03T00:00:00Z,IDEPT3062,
NUS12474,,,1983-02-17T00:00:00Z,2002-06-16T00:00:00Z,IDEPT7626,
NUS12475,,,1989-11-17T00:00:00Z,2014-04-01T00:00:00Z,IDEPT8313,
NUS12476,,,1980-02-19T00:00:00Z,1999-12-22T00:00:00Z,IDEPT1378,
NUS12477,,,1973-11-08T00:00:00Z,2006-06-08T00:00:00Z,IDEPT4938,
NUS12478,,,1969-08-30T00:00:00Z,2002-02-01T00:00:00Z,IDEPT6347,
NUS12479,,,1990-11-26T00:00:00Z,2001-01-14T00:00:00Z,IDEPT1142,
NUS12480,,,1983-07-27T00:00:00Z,2010-10-06T00:00:00Z,IDEPT6347,
NUS12481,,,1991-06-30T00:00:00Z,2004-04-22T00:00:00Z,IDEPT1533,
NUS12482,,,1974-02-16T00:00:00Z,2013-07-05T00:00:00Z,IDEPT5109,
NUS12483,,,1972-11-23T00:00:00Z,2013-10-13T00:00:00Z,IDEPT1677,
NUS12484,,,1987-11-27T00:00:00Z,2001-06-02T00:00:00Z,IDEPT1825,
NUS12485,,,1983-07-24T00:00:00Z,2006-03-29T00:00:00Z,IDEPT1367,
NUS12486,,,1981-12-08T00:00:00Z,2011-01-29T00:00:00Z,IDEPT2054,
NUS12487,,,1994-05-13T00:00:00Z,2008-10-11T00:00:00Z,IDEPT7626,
NUS12488,,,1984-12-24T00:00:00Z,2010-11-11T00:00:00Z,IDEPT1367,
NUS12489,,,1973-01-31T00:00:00Z,2006-10-19T00:00:00Z,IDEPT4132,
NUS12490,,,1971-04-15T00:00:00Z,2003-07-18T00:00:00Z,IDEPT3115,
NUS12491,,,1978-01-01T00:00:00Z,2014-01-15T00:00:00Z,IDEPT4055,
NUS12492,,,1988-12-05T00:00:00Z,2007-10-03T00:00:00Z,IDEPT4938,
NUS12493,,,1984-05-15T00:00:00Z,2001-03-28T00:00:00Z,IDEPT5528,
NUS12494,,,1980-11-30T00:00:00Z,2001-08-05T00:00:00Z,IDEPT2357,
NUS12495,,,1981-08-27T00:00:00Z,2006-05-15T00:00:00Z,IDEPT1388,
NUS12496,,,1988-01-19T00:00:00Z,2007-09-02T00:00:00Z,IDEPT5127,
NUS12497,,,1978-09-01T00:00:00Z,2010-08-26T00:00:00Z,IDEPT2357,
NUS12498,,,1979-07-16T00:00:00Z,2003-04-27T00:00:00Z,IDEPT4132,
NUS12499,,,1983-01-25T00:00:00Z,2009-07-29T00:00:00Z,IDEPT1142,
NUS12500,,,1986-07-07T00:00:00Z,2013-11-23T00:00:00Z,IDEPT1677,
NUS12501,,,1980-04-28T00:00:00Z,2010-04-13T00:00:00Z,IDEPT1537,
NUS12502,,,1971-06-18T00:00:00Z,2007-05-30T00:00:00Z,IDEPT3868,
NUS12503,,,1985-11-09T00:00:00Z,2009-12-22T00:00:00Z,IDEPT1367,
NUS12504,,,1991-02-10T00:00:00Z,2012-08-21T00:00:00Z,IDEPT8313,
NUS12505,,,1988-07-30T00:00:00Z,2011-06-03T00:00:00Z,IDEPT2054,
NUS12506,,,1980-01-25T00:00:00Z,2008-02-23T00:00:00Z,IDEPT7005,
NUS12507,,,1985-05-12T00:00:00Z,2001-02-20T00:00:00Z,IDEPT1367,
NUS12508,,,1972-12-05T00:00:00Z,2006-10-04T00:00:00Z,IDEPT3062,
NUS12509,,,1976-01-12T00:00:00Z,2007-05-11T00:00:00Z,IDEPT6347,
NUS12510,,,1970-04-12T00:00:00Z,2003-03-10T00:00:00Z,IDEPT8313,
NUS12511,,,1974-02-06T00:00:00Z,2008-05-27T00:00:00Z,IDEPT7626,
NUS12512,,,1992-10-02T00:00:00Z,2008-12-12T00:00:00Z,IDEPT5528,
NUS12513,,,1977-12-11T00:00:00Z,2008-04-18T00:00:00Z,IDEPT4938,
NUS12514,,,1992-12-13T00:00:00Z,2011-03-27T00:00:00Z,IDEPT5127,
NUS12515,,,1977-12-26T00:00:00Z,2006-02-13T00:00:00Z,IDEPT7783,
NUS12516,,,1991-04-20T00:00:00Z,2000-06-24T00:00:00Z,IDEPT5528,
NUS12517,,,1979-06-01T00:00:00Z,2001-09-02T00:00:00Z,IDEPT4670,
NUS12518,,,1970-09-11T00:00:00Z,2005-10-09T00:00:00Z,IDEPT4670,
NUS12519,,,1988-06-04T00:00:00Z,2001-09-18T00:00:00Z,IDEPT5408,
NUS12520,,,1992-02-01T00:00:00Z,2003-05-27T00:00:00Z,IDEPT5408,
NUS12521,,,1989-07-18T00:00:00Z,2010-04-08T00:00:00Z,IDEPT7626,
NUS12522,,,1976-05-16T00:00:00Z,2001-05-25T00:00:00Z,IDEPT5881,
NUS12523,,,1988-10-01T00:00:00Z,2006-01-24T00:00:00Z,IDEPT5127,
NUS12524,,,1993-07-18T00:00:00Z,2007-04-12T00:00:00Z,IDEPT1825,
NUS12525,,,1991-06-30T00:00:00Z,2007-07-26T00:00:00Z,IDEPT3868,
NUS12526,,,1973-07-29T00:00:00Z,2007-08-13T00:00:00Z,IDEPT1677,
NUS12527,,,1981-06-11T00:00:00Z,2007-05-19T00:00:00Z,IDEPT8379,
NUS12528,,,1984-12-17T00:00:00Z,2010-04-07T00:00:00Z,IDEPT1142,
NUS12529,,,1993-12-03T00:00:00Z,2001-01-12T00:00:00Z,IDEPT5127,
NUS12530,,,1969-09-30T00:00:00Z,2008-04-01T00:00:00Z,IDEPT6347,
NUS12531,,,1986-10-04T00:00:00Z,2014-01-01T00:00:00Z,IDEPT1388,
NUS12532,,,1984-11-03T00:00:00Z,2014-07-11T00:00:00Z,IDEPT1142,
NUS12533,,,1978-11-07T00:00:00Z,2013-09-09T00:00:00Z,IDEPT1533,
NUS12534,,,1983-06-13T00:00:00Z,2008-08-27T00:00:00Z,IDEPT5109,
NUS12535,,,1976-01-26T00:00:00Z,2007-07-02T00:00:00Z,IDEPT5408,
NUS12536,,,1994-05-08T00:00:00Z,2000-03-01T00:00:00Z,IDEPT3115,
NUS12537,,,1972-05-09T00:00:00Z,2001-10-26T00:00:00Z,IDEPT5109,
NUS12538,,,1971-03-13T00:00:00Z,2003-09-28T00:00:00Z,IDEPT1615,
NUS12539,,,1974-11-03T00:00:00Z,2000-03-12T00:00:00Z,IDEPT6347,
NUS12540,,,1972-12-26T00:00:00Z,2010-01-13T00:00:00Z,IDEPT2054,
NUS12541,,,1983-01-10T00:00:00Z,2014-04-13T00:00:00Z,IDEPT1825,
NUS12542,,,1980-10-29T00:00:00Z,2006-08-24T00:00:00Z,IDEPT7783,
NUS12543,,,1969-08-11T00:00:00Z,2001-08-04T00:00:00Z,IDEPT7783,
NUS12544,,,1990-01-21T00:00:00Z,2005-08-30T00:00:00Z,IDEPT2601,
NUS12545,,,1989-07-22T00:00:00Z,2009-08-01T00:00:00Z,IDEPT4132,
NUS12546,,,1982-01-31T00:00:00Z,2014-05-09T00:00:00Z,IDEPT3115,
NUS12547,,,1980-12-30T00:00:00Z,2004-02-05T00:00:00Z,IDEPT5109,
NUS12548,,,1976-01-22T00:00:00Z,2012-12-10T00:00:00Z,IDEPT4670,
NUS12549,,,1976-11-27T00:00:00Z,2011-11-14T00:00:00Z,IDEPT1533,
NUS12550,,,1993-01-20T00:00:00Z,2013-12-13T00:00:00Z,IDEPT1388,
NUS12551,,,1984-12-31T00:00:00Z,2007-10-20T00:00:00Z,IDEPT4670,
NUS12552,,,1970-03-13T00:00:00Z,2012-06-05T00:00:00Z,IDEPT3115,
NUS12553,,,1981-12-25T00:00:00Z,2010-07-09T00:00:00Z,IDEPT3062,
NUS12554,,,1992-01-21T00:00:00Z,2008-11-09T00:00:00Z,IDEPT8313,
NUS12555,,,1983-07-06T00:00:00Z,2009-08-24T00:00:00Z,IDEPT4132,
NUS12556,,,1985-05-20T00:00:00Z,2005-03-03T00:00:00Z,IDEPT3115,
NUS12557,,,1981-06-06T00:00:00Z,2006-07-20T00:00:00Z,IDEPT8379,
NUS12558,,,1986-01-08T00:00:00Z,2009-06-04T00:00:00Z,IDEPT1537,
NUS12559,,,1990-10-25T00:00:00Z,2004-03-11T00:00:00Z,IDEPT5408,
NUS12560,,,1991-10-25T00:00:00Z,2004-11-01T00:00:00Z,IDEPT3062,
NUS12561,,,1991-06-19T00:00:00Z,2009-12-02T00:00:00Z,IDEPT1142,
NUS12562,,,1977-09-03T00:00:00Z,2004-12-06T00:00:00Z,IDEPT4670,
NUS12563,,,1989-02-24T00:00:00Z,2012-10-16T00:00:00Z,IDEPT1825,
NUS12564,,,1990-10-22T00:00:00Z,2012-11-25T00:00:00Z,IDEPT5109,
NUS12565,,,1970-09-29T00:00:00Z,2013-11-03T00:00:00Z,IDEPT8379,
NUS12566,,,1984-10-04T00:00:00Z,2012-06-12T00:00:00Z,IDEPT3062,
NUS12567,,,1986-10-30T00:00:00Z,2009-03-01T00:00:00Z,IDEPT1677,
NUS12568,,,1980-06-06T00:00:00Z,2009-01-19T00:00:00Z,IDEPT4670,
NUS12569,,,1989-09-02T00:00:00Z,2012-04-24T00:00:00Z,IDEPT1537,
NUS12570,,,1990-07-11T00:00:00Z,2012-08-01T00:00:00Z,IDEPT7005,
NUS12571,,,1976-10-18T00:00:00Z,2001-01-21T00:00:00Z,IDEPT4670,
NUS12572,,,1979-06-21T00:00:00Z,1999-08-09T00:00:00Z,IDEPT4938,
NUS12573,,,1972-10-14T00:00:00Z,2006-05-19T00:00:00Z,IDEPT8598,
NUS12574,,,1983-04-04T00:00:00Z,2012-08-01T00:00:00Z,IDEPT2601,
NUS12575,,,1987-01-30T00:00:00Z,2001-07-25T00:00:00Z,IDEPT1825,
NUS12576,,,1983-12-14T00:00:00Z,2002-06-28T00:00:00Z,IDEPT4055,
NUS12577,,,1974-03-01T00:00:00Z,2005-03-12T00:00:00Z,IDEPT6347,
NUS12578,,,1989-01-21T00:00:00Z,2005-12-12T00:00:00Z,IDEPT7783,
NUS12579,,,1989-08-03T00:00:00Z,2001-01-24T00:00:00Z,IDEPT7626,
NUS12580,,,1979-05-01T00:00:00Z,2008-08-14T00:00:00Z,IDEPT1388,
NUS12581,,,1993-01-30T00:00:00Z,2013-11-12T00:00:00Z,IDEPT6347,
NUS12582,,,1975-12-12T00:00:00Z,2009-03-07T00:00:00Z,IDEPT2601,
NUS12583,,,1982-10-25T00:00:00Z,2001-02-04T00:00:00Z,IDEPT8598,
NUS12584,,,1989-05-22T00:00:00Z,2000-10-21T00:00:00Z,IDEPT3778,
NUS12585,,,1970-11-20T00:00:00Z,2009-10-10T00:00:00Z,IDEPT2601,
NUS12586,,,1988-06-19T00:00:00Z,2003-08-30T00:00:00Z,IDEPT1537,
NUS12587,,,1974-06-24T00:00:00Z,2007-06-09T00:00:00Z,IDEPT3868,
NUS12588,,,1979-05-02T00:00:00Z,2006-07-07T00:00:00Z,IDEPT3062,
NUS12589,,,1988-10-26T00:00:00Z,2011-01-31T00:00:00Z,IDEPT8379,
NUS12590,,,1984-09-15T00:00:00Z,2009-06-04T00:00:00Z,IDEPT3062,
NUS12591,,,1978-07-09T00:00:00Z,2014-05-25T00:00:00Z,IDEPT5881,
NUS12592,,,1977-03-05T00:00:00Z,2003-07-17T00:00:00Z,IDEPT1825,
NUS12593,,,1981-06-23T00:00:00Z,2013-08-23T00:00:00Z,IDEPT5881,
NUS12594,,,1973-11-12T00:00:00Z,2012-08-26T00:00:00Z,IDEPT1615,
NUS12595,,,1977-03-18T00:00:00Z,1999-09-08T00:00:00Z,IDEPT3868,
NUS12596,,,1989-12-15T00:00:00Z,2001-07-29T00:00:00Z,IDEPT5881,
NUS12597,,,1994-07-13T00:00:00Z,2011-11-16T00:00:00Z,IDEPT1142,
NUS12598,,,1982-07-16T00:00:00Z,2007-02-19T00:00:00Z,IDEPT8598,
NUS12599,,,1991-09-05T00:00:00Z,2002-10-12T00:00:00Z,IDEPT5528,
NUS12600,,,1976-09-28T00:00:00Z,2009-01-29T00:00:00Z,IDEPT8313,
NUS12601,,,1975-04-24T00:00:00Z,2012-03-17T00:00:00Z,IDEPT3778,
NUS12602,,,1969-10-24T00:00:00Z,2007-11-27T00:00:00Z,IDEPT3115,
NUS12603,,,1982-12-11T00:00:00Z,2001-05-03T00:00:00Z,IDEPT2425,
NUS12604,,,1978-09-18T00:00:00Z,2002-04-23T00:00:00Z,IDEPT7626,
NUS12605,,,1986-11-02T00:00:00Z,2009-01-19T00:00:00Z,IDEPT2054,
NUS12606,,,1977-04-27T00:00:00Z,2009-03-10T00:00:00Z,IDEPT1378,
NUS12607,,,1994-04-06T00:00:00Z,2014-03-20T00:00:00Z,IDEPT5109,
NUS12608,,,1971-11-23T00:00:00Z,2002-10-26T00:00:00Z,IDEPT3778,
NUS12609,,,1978-03-05T00:00:00Z,2005-01-14T00:00:00Z,IDEPT5127,
NUS12610,,,1980-08-31T00:00:00Z,2007-08-27T00:00:00Z,IDEPT3115,
NUS12611,,,1977-11-05T00:00:00Z,2010-08-05T00:00:00Z,IDEPT2601,
NUS12612,,,1980-02-24T00:00:00Z,2008-12-27T00:00:00Z,IDEPT2425,
NUS12613,,,1988-09-03T00:00:00Z,2011-01-25T00:00:00Z,IDEPT3778,
NUS12614,,,1976-12-11T00:00:00Z,2013-04-10T00:00:00Z,IDEPT5109,
NUS12615,,,1989-08-04T00:00:00Z,2001-05-13T00:00:00Z,IDEPT3778,
NUS12616,,,1984-03-31T00:00:00Z,2005-01-30T00:00:00Z,IDEPT8379,
NUS12617,,,1981-12-22T00:00:00Z,2009-09-27T00:00:00Z,IDEPT4938,
NUS12618,,,1987-02-18T00:00:00Z,2008-09-27T00:00:00Z,IDEPT3115,
NUS12619,,,1970-05-08T00:00:00Z,2003-11-20T00:00:00Z,IDEPT2601,
NUS12620,,,1990-04-03T00:00:00Z,2002-01-10T00:00:00Z,IDEPT7783,
NUS12621,,,1977-05-31T00:00:00Z,2007-01-01T00:00:00Z,IDEPT7626,
NUS12622,,,1989-09-14T00:00:00Z,2008-10-31T00:00:00Z,IDEPT1388,
NUS12623,,,1988-05-27T00:00:00Z,2010-01-27T00:00:00Z,IDEPT1388,
NUS12624,,,1989-06-11T00:00:00Z,2007-03-27T00:00:00Z,IDEPT1533,
NUS12625,,,1983-07-29T00:00:00Z,2013-05-11T00:00:00Z,IDEPT7626,
NUS12626,,,1992-09-30T00:00:00Z,2005-08-20T00:00:00Z,IDEPT1677,
NUS12627,,,1976-02-21T00:00:00Z,2003-10-31T00:00:00Z,IDEPT1677,
NUS12628,,,1979-05-10T00:00:00Z,2007-11-19T00:00:00Z,IDEPT1615,
NUS12629,,,1976-11-12T00:00:00Z,2003-10-16T00:00:00Z,IDEPT1423,
NUS12630,,,1989-12-25T00:00:00Z,2014-07-04T00:00:00Z,IDEPT1142,
NUS12631,,,1969-09-18T00:00:00Z,2013-08-19T00:00:00Z,IDEPT3115,
NUS12632,,,1975-03-27T00:00:00Z,2013-11-23T00:00:00Z,IDEPT2425,
NUS12633,,,1988-11-08T00:00:00Z,2008-11-24T00:00:00Z,IDEPT2425,
NUS12634,,,1975-09-15T00:00:00Z,2010-12-19T00:00:00Z,IDEPT3115,
NUS12635,,,1983-04-04T00:00:00Z,2011-02-08T00:00:00Z,IDEPT1388,
NUS12636,,,1975-10-29T00:00:00Z,2000-08-05T00:00:00Z,IDEPT7783,
NUS12637,,,1990-08-03T00:00:00Z,2006-04-22T00:00:00Z,IDEPT3778,
NUS12638,,,1979-04-30T00:00:00Z,2005-03-30T00:00:00Z,IDEPT4132,
NUS12639,,,1976-02-22T00:00:00Z,2007-10-11T00:00:00Z,IDEPT1388,
NUS12640,,,1985-03-13T00:00:00Z,2000-04-27T00:00:00Z,IDEPT4670,
NUS12641,,,1986-09-26T00:00:00Z,2000-05-25T00:00:00Z,IDEPT1537,
NUS12642,,,1993-06-18T00:00:00Z,2011-06-23T00:00:00Z,IDEPT2601,
NUS12643,,,1973-10-10T00:00:00Z,2013-08-31T00:00:00Z,IDEPT4938,
NUS12644,,,1975-11-10T00:00:00Z,2013-05-24T00:00:00Z,IDEPT4132,
NUS12645,,,1973-05-16T00:00:00Z,2009-04-23T00:00:00Z,IDEPT4132,
NUS12646,,,1979-07-13T00:00:00Z,2006-09-15T00:00:00Z,IDEPT3868,
NUS12647,,,1986-04-28T00:00:00Z,2004-01-11T00:00:00Z,IDEPT5109,
NUS12648,,,1978-06-11T00:00:00Z,2008-10-12T00:00:00Z,IDEPT2357,
NUS12649,,,1987-01-29T00:00:00Z,2010-03-06T00:00:00Z,IDEPT1677,
NUS12650,,,1972-02-08T00:00:00Z,2002-05-26T00:00:00Z,IDEPT1615,
NUS12651,,,1987-10-08T00:00:00Z,2010-05-24T00:00:00Z,IDEPT5109,
NUS12652,,,1973-02-24T00:00:00Z,2002-05-16T00:00:00Z,IDEPT8379,
NUS12653,,,1972-05-04T00:00:00Z,2002-05-06T00:00:00Z,IDEPT7005,
NUS12654,,,1973-08-26T00:00:00Z,2004-05-30T00:00:00Z,IDEPT1367,
NUS12655,,,1987-04-14T00:00:00Z,2012-03-20T00:00:00Z,IDEPT4132,
NUS12656,,,1987-12-20T00:00:00Z,2002-12-22T00:00:00Z,IDEPT2357,
NUS12657,,,1973-06-13T00:00:00Z,2014-05-26T00:00:00Z,IDEPT6347,
NUS12658,,,1990-05-22T00:00:00Z,2011-12-27T00:00:00Z,IDEPT1142,
NUS12659,,,1978-12-20T00:00:00Z,2009-04-21T00:00:00Z,IDEPT3778,
NUS12660,,,1984-02-11T00:00:00Z,2000-05-15T00:00:00Z,IDEPT1537,
NUS12661,,,1987-12-25T00:00:00Z,2008-07-13T00:00:00Z,IDEPT5127,
NUS12662,,,1975-02-13T00:00:00Z,2007-10-04T00:00:00Z,IDEPT2357,
NUS12663,,,1987-06-29T00:00:00Z,2004-02-26T00:00:00Z,IDEPT5408,
NUS12664,,,1973-09-02T00:00:00Z,2012-06-09T00:00:00Z,IDEPT1378,
NUS12665,,,1972-06-08T00:00:00Z,2007-01-22T00:00:00Z,IDEPT5528,
NUS12666,,,1979-11-16T00:00:00Z,2004-12-22T00:00:00Z,IDEPT1367,
NUS12667,,,1982-08-21T00:00:00Z,2002-02-27T00:00:00Z,IDEPT1142,
NUS12668,,,1981-05-18T00:00:00Z,2012-12-18T00:00:00Z,IDEPT1423,
NUS12669,,,1978-04-16T00:00:00Z,2011-06-13T00:00:00Z,IDEPT1388,
NUS12670,,,1988-03-30T00:00:00Z,2008-06-14T00:00:00Z,IDEPT1825,
NUS12671,,,1975-11-01T00:00:00Z,2007-11-22T00:00:00Z,IDEPT4938,
NUS12672,,,1975-02-28T00:00:00Z,2003-11-21T00:00:00Z,IDEPT1423,
NUS12673,,,1979-10-11T00:00:00Z,2000-10-30T00:00:00Z,IDEPT7005,
NUS12674,,,1974-08-17T00:00:00Z,2014-04-07T00:00:00Z,IDEPT2357,
NUS12675,,,1975-07-15T00:00:00Z,2012-11-16T00:00:00Z,IDEPT5109,
NUS12676,,,1987-02-22T00:00:00Z,2012-05-06T00:00:00Z,IDEPT5109,
NUS12677,,,1987-05-14T00:00:00Z,2014-04-08T00:00:00Z,IDEPT3115,
NUS12678,,,1972-10-23T00:00:00Z,2002-04-23T00:00:00Z,IDEPT2054,
NUS12679,,,1986-06-16T00:00:00Z,2010-11-22T00:00:00Z,IDEPT5408,
NUS12680,,,1984-07-25T00:00:00Z,2012-05-07T00:00:00Z,IDEPT5881,
NUS12681,,,1987-05-18T00:00:00Z,2005-12-28T00:00:00Z,IDEPT4670,
NUS12682,,,1982-11-23T00:00:00Z,2002-02-15T00:00:00Z,IDEPT4938,
NUS12683,,,1981-10-02T00:00:00Z,2007-12-03T00:00:00Z,IDEPT6347,
NUS12684,,,1987-07-29T00:00:00Z,2008-10-27T00:00:00Z,IDEPT5109,
NUS12685,,,1979-05-25T00:00:00Z,2002-07-02T00:00:00Z,IDEPT1423,
NUS12686,,,1972-12-06T00:00:00Z,2013-04-23T00:00:00Z,IDEPT8379,
NUS12687,,,1981-01-06T00:00:00Z,2010-05-09T00:00:00Z,IDEPT8379,
NUS12688,,,1981-12-08T00:00:00Z,2001-06-21T00:00:00Z,IDEPT5109,
NUS12689,,,1985-03-18T00:00:00Z,2014-03-02T00:00:00Z,IDEPT3868,
NUS12690,,,1973-05-01T00:00:00Z,2014-03-04T00:00:00Z,IDEPT3062,
NUS12691,,,1986-05-12T00:00:00Z,2013-08-24T00:00:00Z,IDEPT4670,
NUS12692,,,1994-02-15T00:00:00Z,2009-11-02T00:00:00Z,IDEPT1825,
NUS12693,,,1993-11-19T00:00:00Z,2010-01-21T00:00:00Z,IDEPT1537,
NUS12694,,,1978-10-20T00:00:00Z,2012-02-20T00:00:00Z,IDEPT1533,
NUS12695,,,1972-11-08T00:00:00Z,2008-01-06T00:00:00Z,IDEPT1533,
NUS12696,,,1994-02-05T00:00:00Z,2008-09-03T00:00:00Z,IDEPT5528,
NUS12697,,,1970-11-03T00:00:00Z,2005-07-29T00:00:00Z,IDEPT8379,
NUS12698,,,1981-12-05T00:00:00Z,2000-02-04T00:00:00Z,IDEPT3778,
NUS12699,,,1981-05-07T00:00:00Z,2014-05-27T00:00:00Z,IDEPT8313,
NUS12700,,,1973-01-02T00:00:00Z,2008-05-31T00:00:00Z,IDEPT5528,
NUS12701,,,1994-04-13T00:00:00Z,2006-06-28T00:00:00Z,IDEPT5127,
NUS12702,,,1993-05-19T00:00:00Z,2000-04-30T00:00:00Z,IDEPT3115,
NUS12703,,,1976-09-05T00:00:00Z,2007-07-01T00:00:00Z,IDEPT1367,
NUS12704,,,1987-09-02T00:00:00Z,2012-03-23T00:00:00Z,IDEPT3115,
NUS12705,,,1978-07-03T00:00:00Z,2005-11-04T00:00:00Z,IDEPT2357,
NUS12706,,,1982-02-03T00:00:00Z,2013-06-07T00:00:00Z,IDEPT2425,
NUS12707,,,1976-12-18T00:00:00Z,2008-06-21T00:00:00Z,IDEPT1367,
NUS12708,,,1984-03-06T00:00:00Z,2002-03-15T00:00:00Z,IDEPT1825,
NUS12709,,,1977-02-14T00:00:00Z,2011-04-18T00:00:00Z,IDEPT7783,
NUS12710,,,1986-11-15T00:00:00Z,2007-07-18T00:00:00Z,IDEPT2357,
NUS12711,,,1974-06-01T00:00:00Z,2005-04-26T00:00:00Z,IDEPT1388,
NUS12712,,,1970-05-26T00:00:00Z,2011-07-10T00:00:00Z,IDEPT4055,
NUS12713,,,1993-01-06T00:00:00Z,2013-03-11T00:00:00Z,IDEPT4055,
NUS12714,,,1973-12-19T00:00:00Z,2013-12-30T00:00:00Z,IDEPT4938,
NUS12715,,,1984-02-23T00:00:00Z,2003-08-22T00:00:00Z,IDEPT1533,
NUS12716,,,1981-11-19T00:00:00Z,2006-05-06T00:00:00Z,IDEPT7783,
NUS12717,,,1993-08-17T00:00:00Z,2013-04-01T00:00:00Z,IDEPT5127,
NUS12718,,,1992-11-22T00:00:00Z,2011-11-24T00:00:00Z,IDEPT1378,
NUS12719,,,1982-01-09T00:00:00Z,2004-09-25T00:00:00Z,IDEPT1533,
NUS12720,,,1972-11-20T00:00:00Z,2006-11-17T00:00:00Z,IDEPT2425,
NUS12721,,,1978-11-06T00:00:00Z,2008-04-17T00:00:00Z,IDEPT3062,
NUS12722,,,1991-12-20T00:00:00Z,2004-07-20T00:00:00Z,IDEPT1537,
NUS12723,,,1976-11-17T00:00:00Z,2001-11-06T00:00:00Z,IDEPT1388,
NUS12724,,,1978-09-01T00:00:00Z,2014-03-06T00:00:00Z,IDEPT8379,
NUS12725,,,1977-12-04T00:00:00Z,2007-09-18T00:00:00Z,IDEPT1537,
NUS12726,,,1988-05-23T00:00:00Z,2001-08-17T00:00:00Z,IDEPT2425,
NUS12727,,,1974-03-17T00:00:00Z,2008-08-22T00:00:00Z,IDEPT2054,
NUS12728,,,1986-01-13T00:00:00Z,2002-07-07T00:00:00Z,IDEPT5881,
NUS12729,,,1975-04-30T00:00:00Z,2009-05-21T00:00:00Z,IDEPT5109,
NUS12730,,,1987-04-04T00:00:00Z,2005-11-21T00:00:00Z,IDEPT3868,
NUS12731,,,1976-12-29T00:00:00Z,2011-03-31T00:00:00Z,IDEPT7783,
NUS12732,,,1972-01-14T00:00:00Z,2010-05-17T00:00:00Z,IDEPT3778,
NUS12733,,,1984-11-08T00:00:00Z,2002-03-28T00:00:00Z,IDEPT1378,
NUS12734,,,1976-03-13T00:00:00Z,2006-09-08T00:00:00Z,IDEPT3778,
NUS12735,,,1987-11-19T00:00:00Z,2008-11-16T00:00:00Z,IDEPT4132,
NUS12736,,,1986-04-25T00:00:00Z,2007-07-28T00:00:00Z,IDEPT2601,
NUS12737,,,1976-01-24T00:00:00Z,1999-12-08T00:00:00Z,IDEPT1367,
NUS12738,,,1971-07-21T00:00:00Z,2001-09-29T00:00:00Z,IDEPT8313,
NUS12739,,,1978-12-16T00:00:00Z,2000-05-22T00:00:00Z,IDEPT7626,
NUS12740,,,1976-04-25T00:00:00Z,2002-07-31T00:00:00Z,IDEPT1378,
NUS12741,,,1979-07-18T00:00:00Z,2012-08-09T00:00:00Z,IDEPT8313,
NUS12742,,,1993-11-27T00:00:00Z,2004-08-21T00:00:00Z,IDEPT2054,
NUS12743,,,1992-12-25T00:00:00Z,2004-08-27T00:00:00Z,IDEPT5528,
NUS12744,,,1980-09-07T00:00:00Z,2009-03-08T00:00:00Z,IDEPT2601,
NUS12745,,,1993-12-26T00:00:00Z,2010-01-12T00:00:00Z,IDEPT5528,
NUS12746,,,1970-03-30T00:00:00Z,2006-09-02T00:00:00Z,IDEPT3778,
NUS12747,,,1991-08-04T00:00:00Z,2011-01-23T00:00:00Z,IDEPT2357,
NUS12748,,,1987-06-19T00:00:00Z,2003-10-25T00:00:00Z,IDEPT4055,
NUS12749,,,1982-06-29T00:00:00Z,2000-03-29T00:00:00Z,IDEPT1677,
NUS12750,,,1973-12-06T00:00:00Z,2011-09-30T00:00:00Z,IDEPT2601,
NUS12751,,,1971-10-30T00:00:00Z,2010-04-06T00:00:00Z,IDEPT5408,
NUS12752,,,1971-07-13T00:00:00Z,2012-02-01T00:00:00Z,IDEPT5408,
NUS12753,,,1984-08-26T00:00:00Z,2000-09-30T00:00:00Z,IDEPT2601,
NUS12754,,,1980-05-24T00:00:00Z,2005-12-22T00:00:00Z,IDEPT2425,
NUS12755,,,1988-02-02T00:00:00Z,2013-06-27T00:00:00Z,IDEPT2425,
NUS12756,,,1972-11-16T00:00:00Z,2005-06-10T00:00:00Z,IDEPT8313,
NUS12757,,,1990-06-16T00:00:00Z,2003-04-06T00:00:00Z,IDEPT1825,
NUS12758,,,1972-02-17T00:00:00Z,2012-05-10T00:00:00Z,IDEPT1388,
NUS12759,,,1994-07-17T00:00:00Z,2007-11-15T00:00:00Z,IDEPT5881,
NUS12760,,,1978-10-14T00:00:00Z,2013-06-07T00:00:00Z,IDEPT7005,
NUS12761,,,1987-10-28T00:00:00Z,2003-05-13T00:00:00Z,IDEPT5408,
NUS12762,,,1989-06-30T00:00:00Z,2004-04-17T00:00:00Z,IDEPT7626,
NUS12763,,,1991-01-13T00:00:00Z,2002-12-03T00:00:00Z,IDEPT7783,
NUS12764,,,1986-05-07T00:00:00Z,2005-02-18T00:00:00Z,IDEPT7626,
NUS12765,,,1988-02-27T00:00:00Z,2013-12-23T00:00:00Z,IDEPT7626,
NUS12766,,,1977-04-14T00:00:00Z,2003-08-23T00:00:00Z,IDEPT7626,
NUS12767,,,1990-06-11T00:00:00Z,1999-08-25T00:00:00Z,IDEPT1423,
NUS12768,,,1990-06-08T00:00:00Z,2001-08-18T00:00:00Z,IDEPT4670,
NUS12769,,,1970-12-23T00:00:00Z,2002-10-07T00:00:00Z,IDEPT2054,
NUS12770,,,1970-11-26T00:00:00Z,2007-07-12T00:00:00Z,IDEPT1615,
NUS12771,,,1972-12-06T00:00:00Z,2004-05-20T00:00:00Z,IDEPT3868,
NUS12772,,,1979-01-20T00:00:00Z,2000-12-30T00:00:00Z,IDEPT1615,
NUS12773,,,1992-08-17T00:00:00Z,2002-11-26T00:00:00Z,IDEPT1388,
NUS12774,,,1979-07-09T00:00:00Z,2010-03-27T00:00:00Z,IDEPT5881,
NUS12775,,,1987-11-27T00:00:00Z,2003-07-21T00:00:00Z,IDEPT3778,
NUS12776,,,1990-03-05T00:00:00Z,2013-07-13T00:00:00Z,IDEPT4670,
NUS12777,,,1978-04-23T00:00:00Z,2001-11-02T00:00:00Z,IDEPT5127,
NUS12778,,,1978-10-19T00:00:00Z,2004-09-12T00:00:00Z,IDEPT2054,
NUS12779,,,1987-11-04T00:00:00Z,2006-12-02T00:00:00Z,IDEPT5127,
NUS12780,,,1992-07-31T00:00:00Z,2008-07-14T00:00:00Z,IDEPT1423,
NUS12781,,,1992-04-18T00:00:00Z,2014-04-07T00:00:00Z,IDEPT3115,
NUS12782,,,1978-07-26T00:00:00Z,2006-11-06T00:00:00Z,IDEPT8313,
NUS12783,,,1981-05-23T00:00:00Z,2006-06-24T00:00:00Z,IDEPT5408,
NUS12784,,,1985-10-29T00:00:00Z,2010-07-04T00:00:00Z,IDEPT1388,
NUS12785,,,1974-12-02T00:00:00Z,2000-05-28T00:00:00Z,IDEPT1533,
NUS12786,,,1975-01-28T00:00:00Z,2006-02-21T00:00:00Z,IDEPT2425,
NUS12787,,,1980-01-06T00:00:00Z,1999-10-21T00:00:00Z,IDEPT4055,
NUS12788,,,1973-05-18T00:00:00Z,2007-07-18T00:00:00Z,IDEPT5109,
NUS12789,,,1993-07-30T00:00:00Z,2008-04-23T00:00:00Z,IDEPT2357,
NUS12790,,,1988-11-05T00:00:00Z,2009-06-14T00:00:00Z,IDEPT1142,
NUS12791,,,1981-03-07T00:00:00Z,2005-05-16T00:00:00Z,IDEPT8598,
NUS12792,,,1987-08-07T00:00:00Z,2004-09-10T00:00:00Z,IDEPT1615,
NUS12793,,,1992-07-13T00:00:00Z,2003-03-31T00:00:00Z,IDEPT1533,
NUS12794,,,1980-01-14T00:00:00Z,2012-03-14T00:00:00Z,IDEPT1423,
NUS12795,,,1986-11-19T00:00:00Z,2007-03-21T00:00:00Z,IDEPT2357,
NUS12796,,,1975-08-04T00:00:00Z,2004-05-31T00:00:00Z,IDEPT5408,
NUS12797,,,1978-02-04T00:00:00Z,2010-07-01T00:00:00Z,IDEPT3868,
NUS12798,,,1981-04-16T00:00:00Z,1999-07-20T00:00:00Z,IDEPT4055,
NUS12799,,,1986-06-07T00:00:00Z,2001-08-08T00:00:00Z,IDEPT1142,
NUS12800,,,1993-02-13T00:00:00Z,2007-02-06T00:00:00Z,IDEPT5528,
NUS12801,,,1982-06-15T00:00:00Z,2006-09-04T00:00:00Z,IDEPT3868,
NUS12802,,,1988-04-30T00:00:00Z,2009-02-07T00:00:00Z,IDEPT5528,
NUS12803,,,1982-07-09T00:00:00Z,2012-01-14T00:00:00Z,IDEPT3115,
NUS12804,,,1979-10-05T00:00:00Z,2001-09-18T00:00:00Z,IDEPT4055,
NUS12805,,,1987-03-27T00:00:00Z,2006-09-17T00:00:00Z,IDEPT1615,
NUS12806,,,1981-10-23T00:00:00Z,2004-12-24T00:00:00Z,IDEPT5528,
NUS12807,,,1972-04-26T00:00:00Z,2006-09-16T00:00:00Z,IDEPT8313,
NUS12808,,,1972-02-01T00:00:00Z,2000-06-27T00:00:00Z,IDEPT6347,
NUS12809,,,1981-11-24T00:00:00Z,2000-10-28T00:00:00Z,IDEPT7783,
NUS12810,,,1976-04-22T00:00:00Z,2001-11-26T00:00:00Z,IDEPT2357,
NUS12811,,,1993-08-25T00:00:00Z,2005-03-26T00:00:00Z,IDEPT5109,
NUS12812,,,1973-08-03T00:00:00Z,2003-08-19T00:00:00Z,IDEPT1615,
NUS12813,,,1981-12-30T00:00:00Z,2005-09-17T00:00:00Z,IDEPT7783,
NUS12814,,,1981-10-30T00:00:00Z,2014-01-24T00:00:00Z,IDEPT1378,
NUS12815,,,1970-11-02T00:00:00Z,2010-10-22T00:00:00Z,IDEPT4132,
NUS12816,,,1977-03-03T00:00:00Z,2008-06-21T00:00:00Z,IDEPT5408,
NUS12817,,,1973-08-09T00:00:00Z,2004-12-27T00:00:00Z,IDEPT5881,
NUS12818,,,1979-01-12T00:00:00Z,2008-07-21T00:00:00Z,IDEPT5109,
NUS12819,,,1992-02-16T00:00:00Z,2002-08-20T00:00:00Z,IDEPT1388,
NUS12820,,,1990-07-07T00:00:00Z,2004-10-19T00:00:00Z,IDEPT1537,
NUS12821,,,1993-02-25T00:00:00Z,2006-04-18T00:00:00Z,IDEPT5109,
NUS12822,,,1970-02-14T00:00:00Z,2003-03-14T00:00:00Z,IDEPT1367,
NUS12823,,,1990-04-09T00:00:00Z,2011-07-31T00:00:00Z,IDEPT4670,
NUS12824,,,1980-07-27T00:00:00Z,2005-05-22T00:00:00Z,IDEPT1388,
NUS12825,,,1981-08-27T00:00:00Z,2012-12-01T00:00:00Z,IDEPT5109,
NUS12826,,,1988-11-30T00:00:00Z,2007-07-15T00:00:00Z,IDEPT3115,
NUS12827,,,1973-10-27T00:00:00Z,2003-12-29T00:00:00Z,IDEPT2425,
NUS12828,,,1978-06-14T00:00:00Z,1999-08-28T00:00:00Z,IDEPT4132,
NUS12829,,,1994-07-05T00:00:00Z,2013-05-19T00:00:00Z,IDEPT1367,
NUS12830,,,1973-05-05T00:00:00Z,2011-08-25T00:00:00Z,IDEPT1367,
NUS12831,,,1969-08-25T00:00:00Z,2010-04-25T00:00:00Z,IDEPT2357,
NUS12832,,,1981-12-02T00:00:00Z,2006-01-15T00:00:00Z,IDEPT1142,
NUS12833,,,1987-03-26T00:00:00Z,2013-09-11T00:00:00Z,IDEPT1378,
NUS12834,,,1972-01-31T00:00:00Z,1999-10-23T00:00:00Z,IDEPT8379,
NUS12835,,,1972-09-14T00:00:00Z,2003-05-02T00:00:00Z,IDEPT1367,
NUS12836,,,1991-04-21T00:00:00Z,2012-07-26T00:00:00Z,IDEPT1677,
NUS12837,,,1980-08-23T00:00:00Z,2007-07-31T00:00:00Z,IDEPT3868,
NUS12838,,,1972-02-25T00:00:00Z,2008-09-16T00:00:00Z,IDEPT4670,
NUS12839,,,1976-07-20T00:00:00Z,2005-12-14T00:00:00Z,IDEPT8598,
NUS12840,,,1986-09-17T00:00:00Z,2006-11-13T00:00:00Z,IDEPT2601,
NUS12841,,,1982-01-07T00:00:00Z,2012-03-31T00:00:00Z,IDEPT1142,
NUS12842,,,1984-12-31T00:00:00Z,2007-08-17T00:00:00Z,IDEPT3778,
NUS12843,,,1981-12-05T00:00:00Z,2005-06-29T00:00:00Z,IDEPT5109,
NUS12844,,,1978-06-03T00:00:00Z,2008-01-19T00:00:00Z,IDEPT8379,
NUS12845,,,1976-08-11T00:00:00Z,2000-06-22T00:00:00Z,IDEPT1677,
NUS12846,,,1970-01-12T00:00:00Z,2002-11-02T00:00:00Z,IDEPT2357,
NUS12847,,,1979-01-12T00:00:00Z,2010-07-20T00:00:00Z,IDEPT4055,
NUS12848,,,1989-06-23T00:00:00Z,2001-09-25T00:00:00Z,IDEPT7783,
NUS12849,,,1990-08-13T00:00:00Z,2013-04-15T00:00:00Z,IDEPT1367,
NUS12850,,,1986-07-23T00:00:00Z,2008-05-09T00:00:00Z,IDEPT3778,
NUS12851,,,1994-02-14T00:00:00Z,2004-03-12T00:00:00Z,IDEPT1388,
NUS12852,,,1984-12-16T00:00:00Z,2009-12-20T00:00:00Z,IDEPT1825,
NUS12853,,,1988-01-19T00:00:00Z,2001-02-14T00:00:00Z,IDEPT1367,
NUS12854,,,1975-03-23T00:00:00Z,2013-07-27T00:00:00Z,IDEPT5109,
NUS12855,,,1993-09-03T00:00:00Z,2002-06-07T00:00:00Z,IDEPT4670,
NUS12856,,,1970-09-19T00:00:00Z,2009-10-05T00:00:00Z,IDEPT5408,
NUS12857,,,1989-08-29T00:00:00Z,2007-04-30T00:00:00Z,IDEPT8313,
NUS12858,,,1988-04-18T00:00:00Z,2000-11-20T00:00:00Z,IDEPT2601,
NUS12859,,,1977-11-11T00:00:00Z,2008-09-14T00:00:00Z,IDEPT1615,
NUS12860,,,1986-06-29T00:00:00Z,2006-10-24T00:00:00Z,IDEPT1142,
NUS12861,,,1985-11-08T00:00:00Z,2009-08-06T00:00:00Z,IDEPT1533,
NUS12862,,,1983-01-12T00:00:00Z,2002-10-14T00:00:00Z,IDEPT3115,
NUS12863,,,1977-08-24T00:00:00Z,2000-07-03T00:00:00Z,IDEPT4938,
NUS12864,,,1978-04-06T00:00:00Z,2009-12-18T00:00:00Z,IDEPT5528,
NUS12865,,,1982-09-12T00:00:00Z,2010-06-06T00:00:00Z,IDEPT2054,
NUS12866,,,1973-04-03T00:00:00Z,1999-12-25T00:00:00Z,IDEPT1615,
NUS12867,,,1979-05-03T00:00:00Z,2011-01-03T00:00:00Z,IDEPT3868,
NUS12868,,,1991-09-11T00:00:00Z,2002-06-26T00:00:00Z,IDEPT1615,
NUS12869,,,1975-08-25T00:00:00Z,2009-04-07T00:00:00Z,IDEPT7626,
NUS12870,,,1971-08-14T00:00:00Z,2006-08-03T00:00:00Z,IDEPT4938,
NUS12871,,,1983-10-13T00:00:00Z,2002-07-06T00:00:00Z,IDEPT8379,
NUS12872,,,1971-07-26T00:00:00Z,2011-04-25T00:00:00Z,IDEPT3868,
NUS12873,,,1993-07-28T00:00:00Z,2000-03-30T00:00:00Z,IDEPT1533,
NUS12874,,,1971-03-25T00:00:00Z,2005-12-02T00:00:00Z,IDEPT5881,
NUS12875,,,1982-04-14T00:00:00Z,2005-04-14T00:00:00Z,IDEPT1615,
NUS12876,,,1972-05-03T00:00:00Z,2002-04-28T00:00:00Z,IDEPT5109,
NUS12877,,,1977-01-01T00:00:00Z,2012-05-16T00:00:00Z,IDEPT1533,
NUS12878,,,1981-05-13T00:00:00Z,2000-03-16T00:00:00Z,IDEPT6347,
NUS12879,,,1977-02-10T00:00:00Z,2008-04-18T00:00:00Z,IDEPT8313,
NUS12880,,,1980-07-27T00:00:00Z,2005-01-06T00:00:00Z,IDEPT4670,
NUS12881,,,1990-10-06T00:00:00Z,2010-09-22T00:00:00Z,IDEPT3115,
NUS12882,,,1984-02-23T00:00:00Z,2000-01-05T00:00:00Z,IDEPT4938,
NUS12883,,,1979-12-09T00:00:00Z,2002-11-09T00:00:00Z,IDEPT4670,
NUS12884,,,1991-12-28T00:00:00Z,2001-04-05T00:00:00Z,IDEPT1142,
NUS12885,,,1979-06-30T00:00:00Z,2014-04-27T00:00:00Z,IDEPT5528,
NUS12886,,,1993-01-09T00:00:00Z,2004-02-07T00:00:00Z,IDEPT1388,
NUS12887,,,1979-12-28T00:00:00Z,2011-10-23T00:00:00Z,IDEPT4670,
NUS12888,,,1980-06-14T00:00:00Z,1999-07-20T00:00:00Z,IDEPT4132,
NUS12889,,,1987-07-26T00:00:00Z,2004-12-29T00:00:00Z,IDEPT5408,
NUS12890,,,1974-12-21T00:00:00Z,2002-08-27T00:00:00Z,IDEPT8379,
NUS12891,,,1984-08-12T00:00:00Z,2009-09-01T00:00:00Z,IDEPT5881,
NUS12892,,,1992-10-02T00:00:00Z,2010-01-28T00:00:00Z,IDEPT2425,
NUS12893,,,1992-11-25T00:00:00Z,2008-06-10T00:00:00Z,IDEPT2357,
NUS12894,,,1972-04-24T00:00:00Z,2011-05-06T00:00:00Z,IDEPT5408,
NUS12895,,,1970-04-25T00:00:00Z,2007-04-15T00:00:00Z,IDEPT5109,
NUS12896,,,1992-10-02T00:00:00Z,2005-09-21T00:00:00Z,IDEPT7783,
NUS12897,,,1983-04-03T00:00:00Z,2007-08-22T00:00:00Z,IDEPT4670,
NUS12898,,,1994-06-26T00:00:00Z,2001-04-23T00:00:00Z,IDEPT1533,
NUS12899,,,1982-07-10T00:00:00Z,2001-02-24T00:00:00Z,IDEPT1677,
NUS12900,,,1992-02-01T00:00:00Z,2001-09-18T00:00:00Z,IDEPT3778,
NUS12901,,,1971-12-30T00:00:00Z,2005-10-24T00:00:00Z,IDEPT8598,
NUS12902,,,1987-01-11T00:00:00Z,2003-09-24T00:00:00Z,IDEPT7626,
NUS12903,,,1988-10-24T00:00:00Z,2009-04-02T00:00:00Z,IDEPT7783,
NUS12904,,,1972-06-03T00:00:00Z,2007-06-24T00:00:00Z,IDEPT1537,
NUS12905,,,1988-09-19T00:00:00Z,2009-08-27T00:00:00Z,IDEPT3115,
NUS12906,,,1978-07-17T00:00:00Z,2004-05-18T00:00:00Z,IDEPT2357,
NUS12907,,,1980-11-04T00:00:00Z,2012-12-24T00:00:00Z,IDEPT4670,
NUS12908,,,1987-06-19T00:00:00Z,2001-09-26T00:00:00Z,IDEPT6347,
NUS12909,,,1971-04-02T00:00:00Z,2001-04-22T00:00:00Z,IDEPT7005,
NUS12910,,,1987-10-15T00:00:00Z,2014-02-08T00:00:00Z,IDEPT1825,
NUS12911,,,1991-06-23T00:00:00Z,2004-06-17T00:00:00Z,IDEPT1615,
NUS12912,,,1990-07-12T00:00:00Z,2005-02-24T00:00:00Z,IDEPT7005,
NUS12913,,,1992-09-18T00:00:00Z,2001-04-06T00:00:00Z,IDEPT1142,
NUS12914,,,1988-08-11T00:00:00Z,2000-08-29T00:00:00Z,IDEPT8598,
NUS12915,,,1976-08-30T00:00:00Z,2006-03-30T00:00:00Z,IDEPT4055,
NUS12916,,,1971-05-23T00:00:00Z,2005-02-26T00:00:00Z,IDEPT3778,
NUS12917,,,1991-06-03T00:00:00Z,2001-07-06T00:00:00Z,IDEPT8313,
NUS12918,,,1972-01-21T00:00:00Z,2007-11-19T00:00:00Z,IDEPT5881,
NUS12919,,,1973-02-01T00:00:00Z,2001-06-20T00:00:00Z,IDEPT8313,
NUS12920,,,1992-07-26T00:00:00Z,2013-05-12T00:00:00Z,IDEPT7783,
NUS12921,,,1970-06-21T00:00:00Z,2001-01-22T00:00:00Z,IDEPT8598,
NUS12922,,,1986-11-16T00:00:00Z,2009-11-19T00:00:00Z,IDEPT2601,
NUS12923,,,1975-08-24T00:00:00Z,2006-06-17T00:00:00Z,IDEPT5109,
NUS12924,,,1982-02-14T00:00:00Z,2007-04-02T00:00:00Z,IDEPT1367,
NUS12925,,,1978-12-18T00:00:00Z,2004-06-18T00:00:00Z,IDEPT5881,
NUS12926,,,1990-10-11T00:00:00Z,2003-01-26T00:00:00Z,IDEPT2054,
NUS12927,,,1987-12-15T00:00:00Z,2009-07-21T00:00:00Z,IDEPT1533,
NUS12928,,,1971-01-13T00:00:00Z,2011-06-08T00:00:00Z,IDEPT1537,
NUS12929,,,1986-02-08T00:00:00Z,2003-02-11T00:00:00Z,IDEPT5528,
NUS12930,,,1989-03-17T00:00:00Z,2005-07-01T00:00:00Z,IDEPT4055,
NUS12931,,,1983-07-05T00:00:00Z,2000-11-23T00:00:00Z,IDEPT2601,
NUS12932,,,1971-05-06T00:00:00Z,2007-01-25T00:00:00Z,IDEPT1378,
NUS12933,,,1993-09-20T00:00:00Z,2003-02-27T00:00:00Z,IDEPT6347,
NUS12934,,,1969-10-15T00:00:00Z,2008-11-12T00:00:00Z,IDEPT2054,
NUS12935,,,1985-05-25T00:00:00Z,2013-04-28T00:00:00Z,IDEPT5881,
NUS12936,,,1984-06-17T00:00:00Z,2014-01-06T00:00:00Z,IDEPT5881,
NUS12937,,,1972-08-10T00:00:00Z,2002-03-20T00:00:00Z,IDEPT5127,
NUS12938,,,1971-09-13T00:00:00Z,2014-06-16T00:00:00Z,IDEPT1423,
NUS12939,,,1985-12-14T00:00:00Z,2005-06-04T00:00:00Z,IDEPT2357,
NUS12940,,,1988-12-04T00:00:00Z,2003-12-23T00:00:00Z,IDEPT5881,
NUS12941,,,1985-12-24T00:00:00Z,2010-08-18T00:00:00Z,IDEPT4132,
NUS12942,,,1991-09-15T00:00:00Z,2004-03-10T00:00:00Z,IDEPT5528,
NUS12943,,,1990-12-14T00:00:00Z,2011-01-03T00:00:00Z,IDEPT2425,
NUS12944,,,1983-04-16T00:00:00Z,2008-04-14T00:00:00Z,IDEPT1388,
NUS12945,,,1982-02-03T00:00:00Z,2000-08-08T00:00:00Z,IDEPT5528,
NUS12946,,,1976-05-04T00:00:00Z,2002-05-19T00:00:00Z,IDEPT1142,
NUS12947,,,1982-05-16T00:00:00Z,2007-11-05T00:00:00Z,IDEPT5109,
NUS12948,,,1988-04-03T00:00:00Z,2010-01-24T00:00:00Z,IDEPT8313,
NUS12949,,,1988-06-21T00:00:00Z,2008-12-10T00:00:00Z,IDEPT7626,
NUS12950,,,1976-04-24T00:00:00Z,2000-10-18T00:00:00Z,IDEPT5528,
NUS12951,,,1988-11-08T00:00:00Z,2013-07-22T00:00:00Z,IDEPT1423,
NUS12952,,,1994-02-04T00:00:00Z,2014-05-20T00:00:00Z,IDEPT8598,
NUS12953,,,1970-06-06T00:00:00Z,2002-01-25T00:00:00Z,IDEPT8598,
NUS12954,,,1992-01-08T00:00:00Z,2005-12-11T00:00:00Z,IDEPT5528,
NUS12955,,,1982-10-12T00:00:00Z,2014-04-05T00:00:00Z,IDEPT1615,
NUS12956,,,1993-09-20T00:00:00Z,2005-01-27T00:00:00Z,IDEPT4938,
NUS12957,,,1990-05-30T00:00:00Z,2003-07-31T00:00:00Z,IDEPT8379,
NUS12958,,,1991-06-21T00:00:00Z,2010-03-03T00:00:00Z,IDEPT1537,
NUS12959,,,1984-06-18T00:00:00Z,2010-12-03T00:00:00Z,IDEPT2054,
NUS12960,,,1988-07-25T00:00:00Z,2003-05-17T00:00:00Z,IDEPT6347,
NUS12961,,,1973-12-26T00:00:00Z,2009-09-03T00:00:00Z,IDEPT3778,
NUS12962,,,1973-03-02T00:00:00Z,2013-06-20T00:00:00Z,IDEPT8379,
NUS12963,,,1985-12-27T00:00:00Z,2003-05-12T00:00:00Z,IDEPT8598,
NUS12964,,,1988-06-25T00:00:00Z,2001-05-10T00:00:00Z,IDEPT1825,
NUS12965,,,1985-06-04T00:00:00Z,2007-02-26T00:00:00Z,IDEPT3115,
NUS12966,,,1974-06-20T00:00:00Z,2004-11-24T00:00:00Z,IDEPT1367,
NUS12967,,,1994-06-27T00:00:00Z,1999-09-20T00:00:00Z,IDEPT2425,
NUS12968,,,1989-05-04T00:00:00Z,2000-03-12T00:00:00Z,IDEPT5881,
NUS12969,,,1986-10-12T00:00:00Z,2000-04-04T00:00:00Z,IDEPT4938,
NUS12970,,,1985-04-22T00:00:00Z,2010-04-25T00:00:00Z,IDEPT3062,
NUS12971,,,1969-12-14T00:00:00Z,2001-02-23T00:00:00Z,IDEPT3062,
NUS12972,,,1993-10-13T00:00:00Z,2006-04-29T00:00:00Z,IDEPT1378,
NUS12973,,,1991-09-05T00:00:00Z,2010-12-30T00:00:00Z,IDEPT5881,
NUS12974,,,1985-02-07T00:00:00Z,2002-12-07T00:00:00Z,IDEPT7005,
NUS12975,,,1983-02-21T00:00:00Z,2009-07-25T00:00:00Z,IDEPT4132,
NUS12976,,,1982-03-08T00:00:00Z,2001-09-01T00:00:00Z,IDEPT7005,
NUS12977,,,1972-06-07T00:00:00Z,2008-01-29T00:00:00Z,IDEPT5109,
NUS12978,,,1981-03-19T00:00:00Z,2013-07-08T00:00:00Z,IDEPT1423,
NUS12979,,,1973-11-23T00:00:00Z,2011-11-06T00:00:00Z,IDEPT3062,
NUS12980,,,1987-05-10T00:00:00Z,2002-08-25T00:00:00Z,IDEPT1378,
NUS12981,,,1976-01-11T00:00:00Z,2005-01-13T00:00:00Z,IDEPT1423,
NUS12982,,,1970-08-01T00:00:00Z,2014-02-14T00:00:00Z,IDEPT5127,
NUS12983,,,1979-03-19T00:00:00Z,2000-04-02T00:00:00Z,IDEPT8313,
NUS12984,,,1971-03-09T00:00:00Z,2004-12-22T00:00:00Z,IDEPT8313,
NUS12985,,,1987-12-31T00:00:00Z,2009-10-20T00:00:00Z,IDEPT4055,
NUS12986,,,1979-05-30T00:00:00Z,2007-05-15T00:00:00Z,IDEPT8598,
NUS12987,,,1990-03-02T00:00:00Z,2008-09-10T00:00:00Z,IDEPT1367,
NUS12988,,,1981-11-19T00:00:00Z,2010-09-30T00:00:00Z,IDEPT4670,
NUS12989,,,1977-02-23T00:00:00Z,2003-05-12T00:00:00Z,IDEPT4938,
NUS12990,,,1976-01-16T00:00:00Z,2008-01-27T00:00:00Z,IDEPT8313,
NUS12991,,,1978-08-01T00:00:00Z,2014-03-28T00:00:00Z,IDEPT7005,
NUS12992,,,1983-02-15T00:00:00Z,2008-05-02T00:00:00Z,IDEPT1388,
NUS12993,,,1991-12-02T00:00:00Z,2002-11-12T00:00:00Z,IDEPT1537,
NUS12994,,,1974-12-22T00:00:00Z,2003-12-17T00:00:00Z,IDEPT8379,
NUS12995,,,1988-09-12T00:00:00Z,2010-03-26T00:00:00Z,IDEPT3062,
NUS12996,,,1990-10-23T00:00:00Z,2008-07-13T00:00:00Z,IDEPT7783,
NUS12997,,,1973-11-11T00:00:00Z,2001-02-16T00:00:00Z,IDEPT3115,
NUS12998,,,1975-10-17T00:00:00Z,2007-02-09T00:00:00Z,IDEPT3062,
NUS12999,,,1985-12-16T00:00:00Z,2012-06-13T00:00:00Z,IDEPT3115,
NUS13000,,,1982-10-11T00:00:00Z,2009-03-17T00:00:00Z,IDEPT4938,
NUS13001,,,1980-04-22T00:00:00Z,2006-04-20T00:00:00Z,IDEPT1677,
NUS13002,,,1971-03-15T00:00:00Z,2007-09-08T00:00:00Z,IDEPT1615,
NUS13003,,,1977-10-20T00:00:00Z,2002-09-21T00:00:00Z,IDEPT8379,
NUS13004,,,1990-11-05T00:00:00Z,2010-08-29T00:00:00Z,IDEPT7783,
NUS13005,,,1984-12-18T00:00:00Z,2001-06-29T00:00:00Z,IDEPT5528,
NUS13006,,,1992-08-18T00:00:00Z,2007-04-27T00:00:00Z,IDEPT1615,
NUS13007,,,1973-10-10T00:00:00Z,2004-07-03T00:00:00Z,IDEPT5528,
NUS13008,,,1979-01-29T00:00:00Z,2013-07-07T00:00:00Z,IDEPT3115,
NUS13009,,,1973-12-26T00:00:00Z,2004-06-27T00:00:00Z,IDEPT4670,
NUS13010,,,1982-05-26T00:00:00Z,2009-07-18T00:00:00Z,IDEPT4670,
NUS13011,,,1973-09-29T00:00:00Z,2007-02-08T00:00:00Z,IDEPT7783,
NUS13012,,,1981-08-01T00:00:00Z,2012-12-16T00:00:00Z,IDEPT1537,
NUS13013,,,1979-02-17T00:00:00Z,2012-01-14T00:00:00Z,IDEPT2054,
NUS13014,,,1974-07-12T00:00:00Z,2011-03-14T00:00:00Z,IDEPT1533,
NUS13015,,,1985-09-03T00:00:00Z,2000-11-02T00:00:00Z,IDEPT3778,
NUS13016,,,1979-01-04T00:00:00Z,2002-01-22T00:00:00Z,IDEPT5127,
NUS13017,,,1976-10-16T00:00:00Z,2014-03-08T00:00:00Z,IDEPT1388,
NUS13018,,,1979-12-10T00:00:00Z,2005-08-22T00:00:00Z,IDEPT6347,
NUS13019,,,1978-02-24T00:00:00Z,2002-04-06T00:00:00Z,IDEPT5109,
NUS13020,,,1980-01-28T00:00:00Z,2003-08-15T00:00:00Z,IDEPT5881,
NUS13021,,,1992-09-20T00:00:00Z,2001-08-08T00:00:00Z,IDEPT7005,
NUS13022,,,1982-10-24T00:00:00Z,2006-03-21T00:00:00Z,IDEPT7626,
NUS13023,,,1971-05-16T00:00:00Z,2005-10-31T00:00:00Z,IDEPT1677,
NUS13024,,,1971-04-26T00:00:00Z,2007-10-15T00:00:00Z,IDEPT1378,
NUS13025,,,1993-11-05T00:00:00Z,2012-05-01T00:00:00Z,IDEPT3868,
NUS13026,,,1982-07-21T00:00:00Z,2013-11-12T00:00:00Z,IDEPT3868,
NUS13027,,,1970-02-15T00:00:00Z,2011-07-06T00:00:00Z,IDEPT4132,
NUS13028,,,1977-01-04T00:00:00Z,2000-08-26T00:00:00Z,IDEPT8598,
NUS13029,,,1978-04-13T00:00:00Z,2011-03-01T00:00:00Z,IDEPT3062,
NUS13030,,,1993-11-15T00:00:00Z,2012-09-18T00:00:00Z,IDEPT2601,
NUS13031,,,1980-06-05T00:00:00Z,2011-05-14T00:00:00Z,IDEPT2601,
NUS13032,,,1980-11-09T00:00:00Z,2010-07-27T00:00:00Z,IDEPT3115,
NUS13033,,,1990-09-16T00:00:00Z,2011-03-26T00:00:00Z,IDEPT1423,
NUS13034,,,1992-12-25T00:00:00Z,2001-01-06T00:00:00Z,IDEPT1388,
NUS13035,,,1983-08-07T00:00:00Z,2008-10-21T00:00:00Z,IDEPT2425,
NUS13036,,,1971-01-15T00:00:00Z,2008-01-07T00:00:00Z,IDEPT8598,
NUS13037,,,1987-01-04T00:00:00Z,2011-12-17T00:00:00Z,IDEPT5109,
NUS13038,,,1988-01-22T00:00:00Z,2001-02-19T00:00:00Z,IDEPT5881,
NUS13039,,,1993-11-13T00:00:00Z,2006-03-09T00:00:00Z,IDEPT8313,
NUS13040,,,1969-10-14T00:00:00Z,1999-08-20T00:00:00Z,IDEPT4938,
NUS13041,,,1994-04-26T00:00:00Z,2006-06-23T00:00:00Z,IDEPT8379,
NUS13042,,,1984-06-27T00:00:00Z,2003-06-11T00:00:00Z,IDEPT7626,
NUS13043,,,1976-07-23T00:00:00Z,2007-07-30T00:00:00Z,IDEPT7626,
NUS13044,,,1990-11-23T00:00:00Z,2002-11-18T00:00:00Z,IDEPT4132,
NUS13045,,,1978-05-06T00:00:00Z,2008-04-11T00:00:00Z,IDEPT8598,
NUS13046,,,1989-02-14T00:00:00Z,2005-09-23T00:00:00Z,IDEPT1367,
NUS13047,,,1972-08-27T00:00:00Z,2008-09-03T00:00:00Z,IDEPT8598,
NUS13048,,,1973-06-30T00:00:00Z,2001-11-24T00:00:00Z,IDEPT4670,
NUS13049,,,1981-06-29T00:00:00Z,2014-03-21T00:00:00Z,IDEPT5881,
NUS13050,,,1990-03-01T00:00:00Z,2013-08-08T00:00:00Z,IDEPT2357,
NUS13051,,,1974-06-02T00:00:00Z,2004-03-24T00:00:00Z,IDEPT5528,
NUS13052,,,1978-09-23T00:00:00Z,2004-04-05T00:00:00Z,IDEPT4055,
NUS13053,,,1985-11-01T00:00:00Z,2011-09-15T00:00:00Z,IDEPT3115,
NUS13054,,,1969-10-23T00:00:00Z,2012-11-25T00:00:00Z,IDEPT5408,
NUS13055,,,1989-08-31T00:00:00Z,2000-07-02T00:00:00Z,IDEPT2425,
NUS13056,,,1994-02-06T00:00:00Z,2012-03-01T00:00:00Z,IDEPT1142,
NUS13057,,,1972-07-20T00:00:00Z,2008-03-01T00:00:00Z,IDEPT2357,
NUS13058,,,1969-09-07T00:00:00Z,2001-10-29T00:00:00Z,IDEPT4055,
NUS13059,,,1976-02-27T00:00:00Z,2002-04-08T00:00:00Z,IDEPT3115,
NUS13060,,,1984-09-29T00:00:00Z,2001-07-24T00:00:00Z,IDEPT5881,
NUS13061,,,1970-07-28T00:00:00Z,2010-07-15T00:00:00Z,IDEPT2357,
NUS13062,,,1982-11-25T00:00:00Z,2012-12-16T00:00:00Z,IDEPT1533,
NUS13063,,,1982-04-07T00:00:00Z,2004-09-08T00:00:00Z,IDEPT1423,
NUS13064,,,1972-10-17T00:00:00Z,2004-08-23T00:00:00Z,IDEPT8313,
NUS13065,,,1993-12-13T00:00:00Z,1999-08-28T00:00:00Z,IDEPT2054,
NUS13066,,,1977-10-29T00:00:00Z,2013-07-13T00:00:00Z,IDEPT3115,
NUS13067,,,1975-02-28T00:00:00Z,2010-07-29T00:00:00Z,IDEPT1825,
NUS13068,,,1980-11-14T00:00:00Z,2010-03-11T00:00:00Z,IDEPT7783,
NUS13069,,,1992-09-30T00:00:00Z,2014-02-10T00:00:00Z,IDEPT1615,
NUS13070,,,1969-11-16T00:00:00Z,2012-08-10T00:00:00Z,IDEPT2357,
NUS13071,,,1970-12-14T00:00:00Z,1999-09-28T00:00:00Z,IDEPT1378,
NUS13072,,,1975-03-25T00:00:00Z,2009-10-28T00:00:00Z,IDEPT3062,
NUS13073,,,1987-03-02T00:00:00Z,2004-01-25T00:00:00Z,IDEPT1378,
NUS13074,,,1991-04-08T00:00:00Z,2011-10-14T00:00:00Z,IDEPT2357,
NUS13075,,,1976-04-11T00:00:00Z,2002-08-18T00:00:00Z,IDEPT5408,
NUS13076,,,1978-03-19T00:00:00Z,2001-06-02T00:00:00Z,IDEPT1367,
NUS13077,,,1982-12-10T00:00:00Z,2013-08-12T00:00:00Z,IDEPT4670,
NUS13078,,,1976-01-09T00:00:00Z,2002-05-22T00:00:00Z,IDEPT5881,
NUS13079,,,1987-06-17T00:00:00Z,2003-02-10T00:00:00Z,IDEPT1825,
NUS13080,,,1970-01-21T00:00:00Z,2003-07-31T00:00:00Z,IDEPT5881,
NUS13081,,,1986-09-29T00:00:00Z,2010-02-13T00:00:00Z,IDEPT5109,
NUS13082,,,1981-11-29T00:00:00Z,2012-12-31T00:00:00Z,IDEPT1537,
NUS13083,,,1988-09-25T00:00:00Z,2013-12-05T00:00:00Z,IDEPT1388,
NUS13084,,,1971-11-28T00:00:00Z,2013-03-27T00:00:00Z,IDEPT5881,
NUS13085,,,1991-08-09T00:00:00Z,2012-06-15T00:00:00Z,IDEPT3868,
NUS13086,,,1981-08-07T00:00:00Z,2002-05-28T00:00:00Z,IDEPT8379,
NUS13087,,,1969-09-05T00:00:00Z,2007-09-29T00:00:00Z,IDEPT2054,
NUS13088,,,1984-05-13T00:00:00Z,2003-10-24T00:00:00Z,IDEPT6347,
NUS13089,,,1978-10-20T00:00:00Z,2004-08-09T00:00:00Z,IDEPT6347,
NUS13090,,,1991-07-17T00:00:00Z,2007-11-15T00:00:00Z,IDEPT4132,
NUS13091,,,1973-11-07T00:00:00Z,2001-03-14T00:00:00Z,IDEPT1825,
NUS13092,,,1981-04-08T00:00:00Z,2005-02-05T00:00:00Z,IDEPT3868,
NUS13093,,,1987-04-25T00:00:00Z,2009-05-16T00:00:00Z,IDEPT5408,
NUS13094,,,1970-08-26T00:00:00Z,2007-10-23T00:00:00Z,IDEPT2357,
NUS13095,,,1970-08-11T00:00:00Z,2003-04-05T00:00:00Z,IDEPT5109,
NUS13096,,,1979-04-13T00:00:00Z,2013-12-08T00:00:00Z,IDEPT5528,
NUS13097,,,1981-07-20T00:00:00Z,2004-04-09T00:00:00Z,IDEPT5109,
NUS13098,,,1989-12-05T00:00:00Z,2001-08-19T00:00:00Z,IDEPT7626,
NUS13099,,,1975-05-08T00:00:00Z,1999-10-11T00:00:00Z,IDEPT2357,
NUS13100,,,1991-09-28T00:00:00Z,2005-03-01T00:00:00Z,IDEPT1677,
NUS13101,,,1970-08-16T00:00:00Z,2001-07-29T00:00:00Z,IDEPT7783,
NUS13102,,,1980-05-17T00:00:00Z,2007-01-13T00:00:00Z,IDEPT5109,
NUS13103,,,1971-12-02T00:00:00Z,2009-10-25T00:00:00Z,IDEPT2425,
NUS13104,,,1977-05-21T00:00:00Z,2003-03-25T00:00:00Z,IDEPT2054,
NUS13105,,,1988-05-11T00:00:00Z,2001-10-28T00:00:00Z,IDEPT4055,
NUS13106,,,1986-08-19T00:00:00Z,2010-05-24T00:00:00Z,IDEPT1537,
NUS13107,,,1977-03-15T00:00:00Z,2004-05-14T00:00:00Z,IDEPT1677,
NUS13108,,,1972-04-08T00:00:00Z,2006-04-01T00:00:00Z,IDEPT4132,
NUS13109,,,1971-03-22T00:00:00Z,2000-12-14T00:00:00Z,IDEPT1388,
NUS13110,,,1976-11-15T00:00:00Z,2014-07-01T00:00:00Z,IDEPT1677,
NUS13111,,,1991-08-14T00:00:00Z,2002-07-22T00:00:00Z,IDEPT2601,
NUS13112,,,1986-09-24T00:00:00Z,2003-07-04T00:00:00Z,IDEPT5127,
NUS13113,,,1992-01-14T00:00:00Z,2003-05-30T00:00:00Z,IDEPT8379,
NUS13114,,,1985-06-16T00:00:00Z,2012-03-14T00:00:00Z,IDEPT5127,
NUS13115,,,1983-06-21T00:00:00Z,2006-03-18T00:00:00Z,IDEPT3778,
NUS13116,,,1980-04-25T00:00:00Z,2005-04-18T00:00:00Z,IDEPT4938,
NUS13117,,,1984-09-06T00:00:00Z,2009-03-16T00:00:00Z,IDEPT1378,
NUS13118,,,1991-07-13T00:00:00Z,2012-02-11T00:00:00Z,IDEPT5408,
NUS13119,,,1978-10-11T00:00:00Z,2007-03-13T00:00:00Z,IDEPT4132,
NUS13120,,,1993-05-08T00:00:00Z,2010-12-23T00:00:00Z,IDEPT2601,
NUS13121,,,1994-01-21T00:00:00Z,2004-03-21T00:00:00Z,IDEPT1423,
NUS13122,,,1982-06-05T00:00:00Z,2011-09-03T00:00:00Z,IDEPT4055,
NUS13123,,,1983-04-21T00:00:00Z,2006-07-07T00:00:00Z,IDEPT1615,
NUS13124,,,1985-06-18T00:00:00Z,2003-09-21T00:00:00Z,IDEPT7005,
NUS13125,,,1990-10-05T00:00:00Z,2000-12-09T00:00:00Z,IDEPT7005,
NUS13126,,,1976-01-17T00:00:00Z,2005-11-09T00:00:00Z,IDEPT1533,
NUS13127,,,1985-08-14T00:00:00Z,2007-03-29T00:00:00Z,IDEPT1825,
NUS13128,,,1988-06-08T00:00:00Z,2001-12-21T00:00:00Z,IDEPT8598,
NUS13129,,,1987-10-29T00:00:00Z,2013-11-09T00:00:00Z,IDEPT1677,
NUS13130,,,1973-05-12T00:00:00Z,2008-02-10T00:00:00Z,IDEPT5408,
NUS13131,,,1975-06-24T00:00:00Z,2013-09-19T00:00:00Z,IDEPT2054,
NUS13132,,,1970-09-24T00:00:00Z,2000-03-10T00:00:00Z,IDEPT5528,
NUS13133,,,1984-01-27T00:00:00Z,2009-12-20T00:00:00Z,IDEPT1825,
NUS13134,,,1987-07-30T00:00:00Z,2012-11-21T00:00:00Z,IDEPT5408,
NUS13135,,,1986-05-05T00:00:00Z,1999-08-21T00:00:00Z,IDEPT4670,
NUS13136,,,1970-11-25T00:00:00Z,2002-12-20T00:00:00Z,IDEPT3062,
NUS13137,,,1992-09-21T00:00:00Z,2006-10-17T00:00:00Z,IDEPT2054,
NUS13138,,,1976-11-11T00:00:00Z,2006-09-07T00:00:00Z,IDEPT1677,
NUS13139,,,1976-12-01T00:00:00Z,2001-06-07T00:00:00Z,IDEPT5408,
NUS13140,,,1990-11-22T00:00:00Z,2006-06-29T00:00:00Z,IDEPT3115,
NUS13141,,,1986-04-01T00:00:00Z,2004-10-14T00:00:00Z,IDEPT5127,
NUS13142,,,1987-05-30T00:00:00Z,2010-07-29T00:00:00Z,IDEPT8313,
NUS13143,,,1991-03-16T00:00:00Z,2000-04-16T00:00:00Z,IDEPT4055,
NUS13144,,,1973-02-23T00:00:00Z,2008-04-26T00:00:00Z,IDEPT1677,
NUS13145,,,1976-10-01T00:00:00Z,2004-11-26T00:00:00Z,IDEPT5528,
NUS13146,,,1981-04-28T00:00:00Z,2014-02-12T00:00:00Z,IDEPT1533,
NUS13147,,,1991-01-26T00:00:00Z,2012-03-09T00:00:00Z,IDEPT3868,
NUS13148,,,1992-08-27T00:00:00Z,2010-03-23T00:00:00Z,IDEPT3868,
NUS13149,,,1980-04-13T00:00:00Z,2003-03-24T00:00:00Z,IDEPT8598,
NUS13150,,,1980-02-01T00:00:00Z,2008-10-01T00:00:00Z,IDEPT1533,
NUS13151,,,1974-01-15T00:00:00Z,2007-09-20T00:00:00Z,IDEPT1825,
NUS13152,,,1987-12-14T00:00:00Z,2004-04-19T00:00:00Z,IDEPT1423,
NUS13153,,,1993-01-10T00:00:00Z,2002-02-19T00:00:00Z,IDEPT4055,
NUS13154,,,1975-10-05T00:00:00Z,2006-02-03T00:00:00Z,IDEPT2425,
NUS13155,,,1983-11-03T00:00:00Z,2002-04-21T00:00:00Z,IDEPT1537,
NUS13156,,,1980-10-25T00:00:00Z,2003-08-19T00:00:00Z,IDEPT4938,
NUS13157,,,1990-04-09T00:00:00Z,2013-04-03T00:00:00Z,IDEPT1537,
NUS13158,,,1976-01-18T00:00:00Z,2010-10-21T00:00:00Z,IDEPT3868,
NUS13159,,,1979-04-16T00:00:00Z,2001-04-18T00:00:00Z,IDEPT1388,
NUS13160,,,1990-01-03T00:00:00Z,2004-05-24T00:00:00Z,IDEPT7783,
NUS13161,,,1994-01-20T00:00:00Z,2002-05-31T00:00:00Z,IDEPT1537,
NUS13162,,,1982-01-08T00:00:00Z,2007-08-01T00:00:00Z,IDEPT1142,
NUS13163,,,1992-06-28T00:00:00Z,2010-07-24T00:00:00Z,IDEPT4132,
NUS13164,,,1977-07-16T00:00:00Z,2013-11-05T00:00:00Z,IDEPT2601,
NUS13165,,,1970-05-06T00:00:00Z,2002-01-13T00:00:00Z,IDEPT4670,
NUS13166,,,1976-09-22T00:00:00Z,2008-07-11T00:00:00Z,IDEPT1825,
NUS13167,,,1990-12-19T00:00:00Z,2002-11-16T00:00:00Z,IDEPT8313,
NUS13168,,,1975-11-06T00:00:00Z,2008-12-23T00:00:00Z,IDEPT4670,
NUS13169,,,1974-04-24T00:00:00Z,2004-05-18T00:00:00Z,IDEPT7783,
NUS13170,,,1992-06-08T00:00:00Z,2003-03-19T00:00:00Z,IDEPT4132,
NUS13171,,,1992-06-10T00:00:00Z,2000-09-23T00:00:00Z,IDEPT3115,
NUS13172,,,1984-10-09T00:00:00Z,2004-11-16T00:00:00Z,IDEPT2601,
NUS13173,,,1981-10-27T00:00:00Z,2000-11-16T00:00:00Z,IDEPT1378,
NUS13174,,,1978-09-06T00:00:00Z,2013-03-08T00:00:00Z,IDEPT2054,
NUS13175,,,1992-07-09T00:00:00Z,2000-07-01T00:00:00Z,IDEPT1423,
NUS13176,,,1990-03-10T00:00:00Z,2009-12-28T00:00:00Z,IDEPT3778,
NUS13177,,,1978-11-14T00:00:00Z,2014-05-17T00:00:00Z,IDEPT3062,
NUS13178,,,1974-08-27T00:00:00Z,2001-06-05T00:00:00Z,IDEPT1537,
NUS13179,,,1990-10-04T00:00:00Z,2010-01-29T00:00:00Z,IDEPT7783,
NUS13180,,,1989-08-25T00:00:00Z,2012-05-19T00:00:00Z,IDEPT5408,
NUS13181,,,1976-03-08T00:00:00Z,2011-08-05T00:00:00Z,IDEPT2357,
NUS13182,,,1972-05-18T00:00:00Z,2003-03-22T00:00:00Z,IDEPT1533,
NUS13183,,,1987-09-23T00:00:00Z,2002-12-12T00:00:00Z,IDEPT4670,
NUS13184,,,1972-08-10T00:00:00Z,2003-10-01T00:00:00Z,IDEPT2054,
NUS13185,,,1993-08-24T00:00:00Z,2009-10-11T00:00:00Z,IDEPT3062,
NUS13186,,,1978-01-05T00:00:00Z,2012-09-11T00:00:00Z,IDEPT1142,
NUS13187,,,1984-12-20T00:00:00Z,2013-09-25T00:00:00Z,IDEPT5127,
NUS13188,,,1977-07-09T00:00:00Z,2013-08-13T00:00:00Z,IDEPT7783,
NUS13189,,,1991-07-15T00:00:00Z,2010-02-18T00:00:00Z,IDEPT8598,
NUS13190,,,1979-12-10T00:00:00Z,2010-10-04T00:00:00Z,IDEPT2357,
NUS13191,,,1973-12-30T00:00:00Z,2008-07-10T00:00:00Z,IDEPT1388,
NUS13192,,,1992-05-03T00:00:00Z,1999-10-05T00:00:00Z,IDEPT1367,
NUS13193,,,1987-02-24T00:00:00Z,2005-10-16T00:00:00Z,IDEPT1615,
NUS13194,,,1983-06-09T00:00:00Z,2001-07-06T00:00:00Z,IDEPT8379,
NUS13195,,,1978-04-09T00:00:00Z,2000-04-17T00:00:00Z,IDEPT7005,
NUS13196,,,1977-05-01T00:00:00Z,2001-07-15T00:00:00Z,IDEPT1142,
NUS13197,,,1982-06-29T00:00:00Z,2007-10-02T00:00:00Z,IDEPT3062,
NUS13198,,,1984-02-10T00:00:00Z,2000-02-03T00:00:00Z,IDEPT3062,
NUS13199,,,1970-08-28T00:00:00Z,2007-02-11T00:00:00Z,IDEPT4132,
NUS13200,,,1979-05-06T00:00:00Z,2004-01-11T00:00:00Z,IDEPT3778,
NUS13201,,,1973-01-16T00:00:00Z,2000-03-24T00:00:00Z,IDEPT6347,
NUS13202,,,1975-05-14T00:00:00Z,2003-06-26T00:00:00Z,IDEPT8598,
NUS13203,,,1979-01-29T00:00:00Z,2003-04-08T00:00:00Z,IDEPT2054,
NUS13204,,,1990-08-27T00:00:00Z,1999-09-28T00:00:00Z,IDEPT1537,
NUS13205,,,1969-10-24T00:00:00Z,2003-01-10T00:00:00Z,IDEPT1388,
NUS13206,,,1970-07-30T00:00:00Z,2013-02-18T00:00:00Z,IDEPT1378,
NUS13207,,,1969-11-28T00:00:00Z,2011-05-04T00:00:00Z,IDEPT4670,
NUS13208,,,1983-12-07T00:00:00Z,2003-07-14T00:00:00Z,IDEPT4055,
NUS13209,,,1985-06-14T00:00:00Z,2012-12-25T00:00:00Z,IDEPT8313,
NUS13210,,,1972-01-09T00:00:00Z,2003-08-12T00:00:00Z,IDEPT2054,
NUS13211,,,1980-02-17T00:00:00Z,2002-08-20T00:00:00Z,IDEPT1677,
NUS13212,,,1970-10-23T00:00:00Z,2012-03-24T00:00:00Z,IDEPT1423,
NUS13213,,,1977-01-14T00:00:00Z,2002-05-16T00:00:00Z,IDEPT7005,
NUS13214,,,1977-10-02T00:00:00Z,2003-09-06T00:00:00Z,IDEPT1367,
NUS13215,,,1983-06-05T00:00:00Z,2014-03-05T00:00:00Z,IDEPT6347,
NUS13216,,,1970-11-29T00:00:00Z,2011-06-06T00:00:00Z,IDEPT6347,
NUS13217,,,1979-06-25T00:00:00Z,2006-04-27T00:00:00Z,IDEPT5127,
NUS13218,,,1992-08-12T00:00:00Z,2002-11-22T00:00:00Z,IDEPT2425,
NUS13219,,,1985-07-21T00:00:00Z,2004-12-30T00:00:00Z,IDEPT1388,
NUS13220,,,1993-03-10T00:00:00Z,2012-06-07T00:00:00Z,IDEPT5408,
NUS13221,,,1993-02-13T00:00:00Z,2008-02-18T00:00:00Z,IDEPT2357,
NUS13222,,,1975-12-24T00:00:00Z,2010-06-01T00:00:00Z,IDEPT1423,
NUS13223,,,1982-04-24T00:00:00Z,2007-09-23T00:00:00Z,IDEPT5528,
NUS13224,,,1991-02-10T00:00:00Z,2005-01-26T00:00:00Z,IDEPT1378,
NUS13225,,,1985-09-18T00:00:00Z,2004-06-20T00:00:00Z,IDEPT1825,
NUS13226,,,1975-11-05T00:00:00Z,2005-04-22T00:00:00Z,IDEPT1423,
NUS13227,,,1987-08-29T00:00:00Z,2000-10-21T00:00:00Z,IDEPT2054,
NUS13228,,,1975-10-08T00:00:00Z,2005-03-24T00:00:00Z,IDEPT7005,
NUS13229,,,1979-01-28T00:00:00Z,2011-10-17T00:00:00Z,IDEPT8313,
NUS13230,,,1982-11-02T00:00:00Z,2006-06-11T00:00:00Z,IDEPT2425,
NUS13231,,,1985-08-06T00:00:00Z,2010-10-06T00:00:00Z,IDEPT8313,
NUS13232,,,1973-08-14T00:00:00Z,2001-09-10T00:00:00Z,IDEPT8313,
NUS13233,,,1989-08-23T00:00:00Z,2012-11-11T00:00:00Z,IDEPT5408,
NUS13234,,,1969-10-25T00:00:00Z,2007-09-27T00:00:00Z,IDEPT7005,
NUS13235,,,1990-08-26T00:00:00Z,2002-12-28T00:00:00Z,IDEPT7626,
NUS13236,,,1984-12-22T00:00:00Z,2012-11-19T00:00:00Z,IDEPT3115,
NUS13237,,,1982-05-11T00:00:00Z,2003-01-12T00:00:00Z,IDEPT3062,
NUS13238,,,1986-12-22T00:00:00Z,2000-08-24T00:00:00Z,IDEPT1825,
NUS13239,,,1986-06-11T00:00:00Z,2000-06-21T00:00:00Z,IDEPT3778,
NUS13240,,,1992-10-22T00:00:00Z,2002-01-22T00:00:00Z,IDEPT1423,
NUS13241,,,1993-04-29T00:00:00Z,2006-12-21T00:00:00Z,IDEPT4132,
NUS13242,,,1985-05-01T00:00:00Z,2009-11-07T00:00:00Z,IDEPT5408,
NUS13243,,,1977-06-21T00:00:00Z,2008-03-01T00:00:00Z,IDEPT1677,
NUS13244,,,1970-09-03T00:00:00Z,2010-07-04T00:00:00Z,IDEPT1378,
NUS13245,,,1978-09-12T00:00:00Z,2003-05-12T00:00:00Z,IDEPT1825,
NUS13246,,,1983-03-16T00:00:00Z,2008-11-29T00:00:00Z,IDEPT1367,
NUS13247,,,1986-09-02T00:00:00Z,2007-10-04T00:00:00Z,IDEPT1423,
NUS13248,,,1989-08-02T00:00:00Z,2004-02-13T00:00:00Z,IDEPT7626,
NUS13249,,,1978-09-29T00:00:00Z,2000-10-11T00:00:00Z,IDEPT8379,
NUS13250,,,1987-08-24T00:00:00Z,2006-03-08T00:00:00Z,IDEPT5408,
NUS13251,,,1994-06-22T00:00:00Z,2009-09-02T00:00:00Z,IDEPT4670,
NUS13252,,,1974-06-09T00:00:00Z,2007-04-09T00:00:00Z,IDEPT8598,
NUS13253,,,1983-05-01T00:00:00Z,1999-07-30T00:00:00Z,IDEPT5127,
NUS13254,,,1976-07-04T00:00:00Z,2012-01-22T00:00:00Z,IDEPT7783,
NUS13255,,,1990-12-02T00:00:00Z,2002-11-23T00:00:00Z,IDEPT6347,
NUS13256,,,1981-02-24T00:00:00Z,2000-07-26T00:00:00Z,IDEPT7005,
NUS13257,,,1989-10-28T00:00:00Z,2007-07-09T00:00:00Z,IDEPT5127,
NUS13258,,,1969-10-17T00:00:00Z,2000-03-14T00:00:00Z,IDEPT2425,
NUS13259,,,1979-09-09T00:00:00Z,2007-01-31T00:00:00Z,IDEPT1378,
NUS13260,,,1975-08-09T00:00:00Z,2010-11-02T00:00:00Z,IDEPT7005,
NUS13261,,,1969-08-30T00:00:00Z,2007-01-30T00:00:00Z,IDEPT3868,
NUS13262,,,1971-01-14T00:00:00Z,2005-05-09T00:00:00Z,IDEPT3062,
NUS13263,,,1984-05-18T00:00:00Z,2002-02-05T00:00:00Z,IDEPT7626,
NUS13264,,,1977-08-23T00:00:00Z,2010-11-17T00:00:00Z,IDEPT3868,
NUS13265,,,1993-04-21T00:00:00Z,2001-05-18T00:00:00Z,IDEPT8379,
NUS13266,,,1990-08-12T00:00:00Z,1999-08-25T00:00:00Z,IDEPT2054,
NUS13267,,,1970-06-08T00:00:00Z,2010-05-20T00:00:00Z,IDEPT8313,
NUS13268,,,1978-01-04T00:00:00Z,2011-10-26T00:00:00Z,IDEPT2357,
NUS13269,,,1980-07-28T00:00:00Z,2006-09-23T00:00:00Z,IDEPT8598,
NUS13270,,,1984-01-10T00:00:00Z,2012-10-26T00:00:00Z,IDEPT1388,
NUS13271,,,1971-11-26T00:00:00Z,2011-03-12T00:00:00Z,IDEPT1677,
NUS13272,,,1973-03-17T00:00:00Z,2010-03-28T00:00:00Z,IDEPT1378,
NUS13273,,,1980-09-09T00:00:00Z,2001-05-06T00:00:00Z,IDEPT8313,
NUS13274,,,1977-11-21T00:00:00Z,2014-05-22T00:00:00Z,IDEPT3778,
NUS13275,,,1985-03-24T00:00:00Z,2007-09-23T00:00:00Z,IDEPT2601,
NUS13276,,,1978-09-21T00:00:00Z,2000-02-27T00:00:00Z,IDEPT2054,
NUS13277,,,1980-11-29T00:00:00Z,2009-12-21T00:00:00Z,IDEPT2601,
NUS13278,,,1973-02-12T00:00:00Z,2006-04-26T00:00:00Z,IDEPT4132,
NUS13279,,,1982-10-26T00:00:00Z,2003-10-06T00:00:00Z,IDEPT5109,
NUS13280,,,1986-10-12T00:00:00Z,2009-06-24T00:00:00Z,IDEPT7626,
NUS13281,,,1993-04-17T00:00:00Z,2010-11-01T00:00:00Z,IDEPT3062,
NUS13282,,,1987-11-29T00:00:00Z,2009-12-17T00:00:00Z,IDEPT1367,
NUS13283,,,1986-04-02T00:00:00Z,2010-10-22T00:00:00Z,IDEPT4055,
NUS13284,,,1981-10-11T00:00:00Z,2001-03-16T00:00:00Z,IDEPT4055,
NUS13285,,,1992-03-16T00:00:00Z,2005-06-19T00:00:00Z,IDEPT1825,
NUS13286,,,1979-09-27T00:00:00Z,1999-12-12T00:00:00Z,IDEPT1537,
NUS13287,,,1982-10-27T00:00:00Z,2010-08-24T00:00:00Z,IDEPT5528,
NUS13288,,,1976-04-22T00:00:00Z,2013-03-09T00:00:00Z,IDEPT1537,
NUS13289,,,1983-07-30T00:00:00Z,2012-06-26T00:00:00Z,IDEPT1825,
NUS13290,,,1990-10-28T00:00:00Z,2007-03-14T00:00:00Z,IDEPT3062,
NUS13291,,,1987-12-25T00:00:00Z,2003-07-19T00:00:00Z,IDEPT7783,
NUS13292,,,1984-09-10T00:00:00Z,2010-05-08T00:00:00Z,IDEPT1537,
NUS13293,,,1975-10-07T00:00:00Z,2004-02-10T00:00:00Z,IDEPT1423,
NUS13294,,,1977-03-04T00:00:00Z,2010-02-21T00:00:00Z,IDEPT3115,
NUS13295,,,1985-06-16T00:00:00Z,2011-04-06T00:00:00Z,IDEPT7005,
NUS13296,,,1989-11-15T00:00:00Z,2014-04-26T00:00:00Z,IDEPT4670,
NUS13297,,,1991-06-05T00:00:00Z,2005-01-04T00:00:00Z,IDEPT4670,
NUS13298,,,1977-04-20T00:00:00Z,2011-01-04T00:00:00Z,IDEPT5881,
NUS13299,,,1984-02-20T00:00:00Z,2006-02-02T00:00:00Z,IDEPT1677,
NUS13300,,,1983-09-04T00:00:00Z,2001-01-13T00:00:00Z,IDEPT2425,
NUS13301,,,1979-03-21T00:00:00Z,2013-08-26T00:00:00Z,IDEPT1423,
NUS13302,,,1980-06-28T00:00:00Z,2003-01-27T00:00:00Z,IDEPT4938,
NUS13303,,,1977-11-01T00:00:00Z,2012-03-25T00:00:00Z,IDEPT1142,
NUS13304,,,1989-02-22T00:00:00Z,2013-10-25T00:00:00Z,IDEPT4132,
NUS13305,,,1988-03-07T00:00:00Z,2003-10-18T00:00:00Z,IDEPT2054,
NUS13306,,,1983-09-10T00:00:00Z,2002-04-30T00:00:00Z,IDEPT2357,
NUS13307,,,1983-12-01T00:00:00Z,2004-01-03T00:00:00Z,IDEPT3062,
NUS13308,,,1988-02-18T00:00:00Z,2003-11-01T00:00:00Z,IDEPT7626,
NUS13309,,,1978-07-17T00:00:00Z,2000-05-11T00:00:00Z,IDEPT7005,
NUS13310,,,1972-02-25T00:00:00Z,2013-06-05T00:00:00Z,IDEPT8379,
NUS13311,,,1971-07-21T00:00:00Z,2002-05-20T00:00:00Z,IDEPT1825,
NUS13312,,,1991-09-23T00:00:00Z,2000-04-25T00:00:00Z,IDEPT1825,
NUS13313,,,1994-01-17T00:00:00Z,2010-03-06T00:00:00Z,IDEPT5408,
NUS13314,,,1984-11-18T00:00:00Z,2000-09-08T00:00:00Z,IDEPT1367,
NUS13315,,,1971-01-18T00:00:00Z,2006-12-30T00:00:00Z,IDEPT7005,
NUS13316,,,1973-07-02T00:00:00Z,2005-12-21T00:00:00Z,IDEPT4938,
NUS13317,,,1979-01-16T00:00:00Z,2014-02-14T00:00:00Z,IDEPT3115,
NUS13318,,,1969-10-31T00:00:00Z,2002-03-22T00:00:00Z,IDEPT5109,
NUS13319,,,1985-02-21T00:00:00Z,2004-09-27T00:00:00Z,IDEPT2357,
NUS13320,,,1979-04-22T00:00:00Z,2012-07-30T00:00:00Z,IDEPT8598,
NUS13321,,,1974-10-24T00:00:00Z,2007-09-24T00:00:00Z,IDEPT3778,
NUS13322,,,1989-05-06T00:00:00Z,2011-01-20T00:00:00Z,IDEPT5528,
NUS13323,,,1982-08-18T00:00:00Z,2007-02-13T00:00:00Z,IDEPT4132,
NUS13324,,,1980-11-04T00:00:00Z,2007-09-09T00:00:00Z,IDEPT1367,
NUS13325,,,1983-10-17T00:00:00Z,2002-04-13T00:00:00Z,IDEPT5127,
NUS13326,,,1976-05-18T00:00:00Z,2005-03-23T00:00:00Z,IDEPT7783,
NUS13327,,,1972-05-19T00:00:00Z,2013-05-16T00:00:00Z,IDEPT3868,
NUS13328,,,1977-04-19T00:00:00Z,2002-07-08T00:00:00Z,IDEPT1533,
NUS13329,,,1986-01-04T00:00:00Z,2010-10-29T00:00:00Z,IDEPT1142,
NUS13330,,,1976-02-06T00:00:00Z,2004-12-05T00:00:00Z,IDEPT4670,
NUS13331,,,1975-06-02T00:00:00Z,2011-05-14T00:00:00Z,IDEPT4132,
NUS13332,,,1979-01-25T00:00:00Z,2013-06-17T00:00:00Z,IDEPT1388,
NUS13333,,,1987-05-28T00:00:00Z,2001-01-06T00:00:00Z,IDEPT3778,
NUS13334,,,1974-08-22T00:00:00Z,2001-11-26T00:00:00Z,IDEPT1537,
NUS13335,,,1993-02-27T00:00:00Z,2006-02-15T00:00:00Z,IDEPT5109,
NUS13336,,,1982-06-18T00:00:00Z,2012-09-03T00:00:00Z,IDEPT5127,
NUS13337,,,1992-02-12T00:00:00Z,2003-11-14T00:00:00Z,IDEPT8379,
NUS13338,,,1972-10-07T00:00:00Z,1999-10-23T00:00:00Z,IDEPT2357,
NUS13339,,,1976-03-08T00:00:00Z,2012-06-11T00:00:00Z,IDEPT2054,
NUS13340,,,1993-09-18T00:00:00Z,2009-03-24T00:00:00Z,IDEPT4055,
NUS13341,,,1985-02-20T00:00:00Z,2005-11-08T00:00:00Z,IDEPT8598,
NUS13342,,,1985-06-13T00:00:00Z,1999-11-06T00:00:00Z,IDEPT3062,
NUS13343,,,1984-02-06T00:00:00Z,1999-11-15T00:00:00Z,IDEPT7783,
NUS13344,,,1970-09-17T00:00:00Z,2002-12-05T00:00:00Z,IDEPT1677,
